,writer_id,writer
0,1,A L Katz
1,2,A.A. Milne
2,3,A.B. Guthrie Jr.
3,4,A.E. Hotchner
4,5,A.S. Byatt
5,6,Aaron Latham
6,7,Aaron Mendelsohn
7,8,Aaron Seltzer 
8,9,Aaron Sorkin
9,10,Aaron Sorkin 
10,11,Abbas Kiarostami
11,12,Abbe Wool
12,13,Abbie Hoffman
13,14,Abby Kohn
14,15,Abe Burrows
15,16,Abel Ferrara
16,17,Adam Brooks
17,18,Adam Fields
18,19,Adam Herz
19,20,Adam Larson Broder
20,21,Adam Leff
21,22,Adam Oliensis
22,23,Adam Resnick 
23,24,Adam Rifkin
24,25,Adam Sandler
25,26,Adam Scheinman
26,27,Adam Simon
27,28,Adi Hasak
28,29,Adolph Green
29,30,Adolph Green 
30,31,Adrian Hodges
31,32,Adriano Bolzoni
32,33,Agenore Incrocci
33,34,Agnieszka Holland
34,35,Agnès Varda
35,36,Akira Kurosawa
36,37,Akira Kurosawa 
37,38,Akira Murao
38,39,Akiva Goldsman
39,40,Akiyoshi Hongo
40,41,Akosua Busia
41,42,Al Boasberg
42,43,Al Feldstein 
43,44,Al Franken
44,45,Al Franken 
45,46,Al Jean
46,47,Al Pacino
47,48,Al Plastino 
48,49,Al Stump 
49,50,Al Williams
50,51,Aladar Laszlo 
51,52,Alain Berliner 
52,53,Alan B. McElroy 
53,54,Alan Ball
54,55,Alan Bennett
55,56,Alan Bennett 
56,57,Alan Burnett 
57,58,Alan Campbell
58,59,Alan Dean Foster
59,60,Alan Duff
60,61,Alan J. Adler
61,62,Alan J. Pakula
62,63,Alan Jacobs
63,64,Alan Jay Lerner
64,65,Alan Jay Lerner 
65,66,Alan Le May
66,67,Alan Martin
67,68,Alan Ormsby
68,69,Alan Parker
69,70,Alan Paton
70,71,Alan Plater
71,72,Alan Rudolph
72,73,Alan Rudolph 
73,74,Alan Shapiro
74,75,Alan Sharp
75,76,Alan Swyer
76,77,Alan Trustman
77,78,Alan Zweibel
78,79,Alan Zweibel 
79,80,Alanna Nash 
80,81,Albert Ash
81,82,Albert Brooks
82,83,Albert Hackett
83,84,Albert Hughes
84,85,Albert Husson 
85,86,Albert Lewin
86,87,Albert Mannheimer
87,88,Albert S. Ruddy
88,89,Alberto Moravia
89,90,Alec Coppel
90,91,Alec Coppel 
91,92,Alec Sokolow
92,93,Alejandro Amenábar
93,94,Aleksandr Misharin
94,95,Aleksei Tolstoy
95,96,Alessandro Baricco
96,97,Alex Cox
97,98,Alex Garland
98,99,Alex Gordon
99,100,Alex Haley
100,101,Alex Proyas 
101,102,Alexander Key
102,103,Alexander Korda 
103,104,Alexander Payne
104,105,Alexander Stuart 
105,106,Alexandra Seros
106,107,Alexandre Breffort
107,108,Alexandre Dumas
108,109,Alexandre Machado
109,110,Alexandre Rockwell
110,111,Alfred Gough
111,112,Alfred Hitchcock
112,113,Alfred Hitchcock 
113,114,Alfred Sole
114,115,Alfred Uhry 
115,116,Alice Hoffman
116,117,Alice Walker
117,118,Aline Brosh McKenna
118,119,Alison Bagnall
119,120,Alison Cross
120,121,Alistair MacLean
121,122,Allan A. Goldstein 
122,123,Allan Moyle
123,124,Allan Scott
124,125,Allan Scott 
125,126,Allan Weiss
126,127,Allen Adler
127,128,Allen Hughes
128,129,Allison Anders
129,130,Allison Burnett
130,131,Alma Reville
131,132,Alun Owen
132,133,Alvin L. Fast
133,134,Alvin Sargent
134,135,Amanda Silver
135,136,Amy Heckerling
136,137,Amy Holden Jones
137,138,Amy Schor Ferris
138,139,Amy Tan 
139,140,Ana Kokkinos
140,141,Anaïs Nin
141,142,Andre Gregory
142,143,Andrei Tarkovsky
143,144,Andrei Tarkovsky 
144,145,Andrew Bergman
145,146,Andrew Bergman 
146,147,Andrew Birkin
147,148,Andrew Bovell
148,149,Andrew Cockburn
149,150,Andrew Davies
150,151,Andrew Davis 
151,152,Andrew Fleming
152,153,Andrew Kevin Walker
153,154,Andrew Kevin Walker 
154,155,Andrew Klavan
155,156,Andrew Kurtzman
156,157,Andrew Lowery
157,158,Andrew Miller
158,159,Andrew Neiderman
159,160,Andrew Niccol
160,161,Andrew Scheinman
161,162,Andrew Smith 
162,163,Andrew Stanton 
163,164,Andrew Stern
164,165,Andrew W. Marlowe
165,166,Andrew W. Marlowe 
166,167,Andrzej Zulawski  
167,168,André Bijelic
168,169,André Bonzel
169,170,André Cayatte
170,171,André Téchiné
171,172,Andrée Corbiau  
172,173,Andy Bienen
173,174,Andy Breckman
174,175,Andy Breckman 
175,176,Andy Burg
176,177,Andy Heyward
177,178,Andy Lewis
178,179,Andy Rose
179,180,Andy Ruben
180,181,Andy Tennant
181,182,Ang Lee
182,183,Angela Shelton 
183,184,Angelo Pizzo
184,185,Angus MacPhail
185,186,Anita Hoffman
186,187,Anita Loos
187,188,Ann Biderman
188,189,Ann Lembeck
189,190,Ann M. Martin
190,191,Anna Alice Chapin 
191,192,Anna Campion
192,193,Anna Leonowens
193,194,Anna Quindlen
194,195,Anna Sewell
195,196,Anna Thomas
196,197,Anne Fine
197,198,Anne Frank
198,199,Anne Holden
199,200,Anne Meredith
200,201,Anne Rapp
201,202,Anne Rice
202,203,Anne Rice 
203,204,Anne Settimó 
204,205,Anne Spielberg
205,206,Anne-Marie Martin
206,207,Anthony Abrams
207,208,Anthony Burgess
208,209,Anthony E. Pratt 
209,210,Anthony Fingleton
210,211,Anthony Havelock-Allan
211,212,Anthony Minghella
212,213,Anthony Shaffer
213,214,Anthony Waller
214,215,Anton Chekhov
215,216,Antonio Skármeta
216,217,Antonio Toro
217,218,Ariel Dorfman 
218,219,Arkadiy Strugatskiy 
219,220,Arleen Sorkin 
220,221,Arlene Klasky
221,222,Arlene Sarner
222,223,Arlette Langmann
223,224,Arnaud dUsseau
224,225,Arne Olsen
225,226,Arne Olsen 
226,227,Arne Schmidt
227,228,Arnold B. Armstrong
228,229,Arnold Perl
229,230,Arnold Schulman
230,231,Arseniy Tarkovskiy 
231,232,Art Edler Brown
232,233,Arthur A. Ross
233,234,Arthur A. Ross 
234,235,Arthur Alsberg
235,236,Arthur C. Clarke
236,237,Arthur C. Clarke 
237,238,Arthur Conan Doyle
238,239,Arthur Conan Doyle 
239,240,Arthur Hailey
240,241,Arthur La Bern
241,242,Arthur Laurents
242,243,Arthur Miller 
243,244,Arthur Rankin Jr.
244,245,Arthur Schnitzler
245,246,Arthur Silver
246,247,Arthur Weiss
247,248,Arthur Wimperis
248,249,Arturo Pérez-Reverte
249,250,Ash Brannon
250,251,Atom Egoyan
251,252,Audrey Wells
252,253,August Strindberg
253,254,Avery Corman
254,255,Ayub Khan-Din 
255,256,Aída Bortnik
256,257,B. Traven
257,258,Babaloo Mandel
258,259,Babaloo Mandel 
259,260,Barbara Alberti 
260,261,Barbara Benedek
261,262,Barbara Benedek 
262,263,Barbara Shulgasser
263,264,Barbara Turner
264,265,Barbara Williams 
265,266,Bari Wood
266,267,Barry Berman 
267,268,Barry Fanaro
268,269,Barry Gifford
269,270,Barry Glasser
270,271,Barry Healey
271,272,Barry Levinson
272,273,Barry Michael Cooper
273,274,Barry Morrow 
274,275,Barry Reed
275,276,Barry Strugatz
276,277,Barry Trivers
277,278,Barry W. Blaustein
278,279,Barry W. Blaustein 
279,280,Barry Wong
280,281,Barré Lyndon
281,282,Bart Freundlich
282,283,Baz Luhrmann
283,284,Baz Luhrmann  
284,285,Becky Johnston
285,286,Belinda Haas
286,287,Ben Affleck
287,288,Ben Edlund
288,289,Ben Hecht
289,290,Ben Hecht 
290,291,Ben Maddow
291,292,Ben Ramsey
292,293,Ben Roberts
293,294,Ben Stahl
294,295,Ben Taylor
295,296,Ben Vaughn
296,297,Ben Younger
297,298,Benjamin Glazer
298,299,Benjamin Ross
299,300,Benjamin Ruffner
300,301,Benn W. Levy
301,302,Bennett Yellin
302,303,Benny Medina
303,304,Benoît Poelvoorde
304,305,Bentley Kyle Evans
305,306,Berkely Mather
306,307,Bernard Malamud
307,308,Bernard Rose
308,309,Bernard Schubert
309,310,Bernardo Bertolucci
310,311,Bernice Rubens
311,312,Bernie Kahn
312,313,Bernie Somers
313,314,Bernie Wrightson 
314,315,Bertolt Brecht 
315,316,Beryl Bainbridge
316,317,Bess Meredyth
317,318,Beth Henley 
318,319,Betty Comden
319,320,Betty Comden 
320,321,Beverley Cross 
321,322,Bibhutibhushan Bandyopadhyay
322,323,Bill Condon
323,324,Bill Forsyth
324,325,Bill Geddie
325,326,Bill Kelly 
326,327,Bill Lancaster
327,328,Bill Lishman
328,329,Bill Martin
329,330,Bill Murray
330,331,Bill Peet
331,332,Bill Phillips
332,333,Bill Richmond
333,334,Bill Svanoe
334,335,Bill Tennant
335,336,Bill Walsh
336,337,Bille August
337,338,Billie Letts
338,339,Billy Bob Thornton
339,340,Billy Bob Thornton 
340,341,Billy Crystal
341,342,Billy Hayes
342,343,Billy MacKinnon
343,344,Billy Ray
344,345,Billy Ray 
345,346,Billy Wilder
346,347,Blake Edwards
347,348,Blake Snyder
348,349,Bo Berkman
349,350,Bo Dietl
350,351,Bo Goldman
351,352,Boaz Yakin
352,353,Bob Baker
353,354,Bob Barbash
354,355,Bob Brunner
355,356,Bob Buchholz 
356,357,Bob Burden
357,358,Bob Clark
358,359,Bob Dolman
359,360,Bob Dolman 
360,361,Bob Ducsay
361,362,Bob Fosse
362,363,Bob Gale
363,364,Bob Gale  
364,365,Bob Israel
365,366,Bob Kane
366,367,Bob Logan
367,368,Bob Mosher
368,369,Bob Rafelson
369,370,Bob Schneider
370,371,Bob Schooley
371,372,Bob Sheridan
372,373,Bob Tzudiker
373,374,Bobby Farrelly
374,375,Bobby Herbeck 
375,376,Bobby Smith Jr.
376,377,Bobcat Goldthwait
377,378,Bonnie Hunt 
378,379,Bonnie MacBird
379,380,Bonnie Turner
380,381,Borden Chase 
381,382,Boris Pasternak
382,383,Boris Strugatskiy 
383,384,Boyd Hale
384,385,Brad Bird 
385,386,Brad Fraser 
386,387,Brad Mirman
387,388,Brad Mirman 
388,389,Bram Stoker
389,390,Bram Stoker 
390,391,Brandon Boyce
391,392,Brandon Cole 
392,393,Brannon Braga
393,394,Brannon Braga 
394,395,Brasse Brännström
395,396,Brenda Chapman
396,397,Brenda Weisberg
397,398,Brent Forrester
398,399,Brent Maddock 
399,400,Bret Easton Ellis
400,401,Brett Hogan
401,402,Brett Leonard
402,403,Brian Clemens 
403,404,Brian De Palma
404,405,Brian Doyle-Murray
405,406,Brian E. ONeal 
406,407,Brian Garfield
407,408,Brian Grazer
408,409,Brian Hannant
409,410,Brian Helgeland
410,411,Brian Helgeland 
411,412,Brian Koppelman
412,413,Brian Levant
413,414,Brian McEntee
414,415,Brian McKay
415,416,Brian Moore
416,417,Brian Mulroney
417,418,Brian Nissen 
418,419,Brian Peterson
419,420,Brian Pimental 
420,421,Brian Sibley
421,422,Brian Taggert
422,423,Brian Yuzna
423,424,Britt Allcroft
424,425,Bronte Woodard
425,426,Bruce A. Evans
426,427,Bruce Beresford
427,428,Bruce Brown
428,429,Bruce Feirstein
429,430,Bruce Geller
430,431,Bruce Graham
431,432,Bruce Howard
432,433,Bruce Jay Friedman 
433,434,Bruce Joel Rubin
434,435,Bruce Kimmel
435,436,Bruce La Bruce
436,437,Bruce McCulloch
437,438,Bruce Robinson
438,439,Bruce Wagner 
439,440,Bruno Bianchi
440,441,Bryan Forbes
441,442,Bryan Goluboff
442,443,Bryan Gordon
443,444,Bryan Singer
444,445,Buck Henry
445,446,Budd Schulberg 
446,447,Buddy Johnson
447,448,Buddy Ruskin
448,449,Buster Keaton
449,450,Byron Kennedy
450,451,Byron Kennedy 
451,452,Byron Simpson
452,453,Béla Balázs
453,454,C. Courtney Joyner
454,455,C.J. Koch 
455,456,C.M. Talkington
456,457,C.S. Forester
457,458,Calder Willingham
458,459,Callie Khouri
459,460,Cameron Crowe
460,461,Cameron Crowe 
461,462,Carey Wilson
462,463,Carl Binder
463,464,Carl Foreman
464,465,Carl Foreman 
465,466,Carl Franklin
466,467,Carl Gottlieb
467,468,Carl Gottlieb 
468,469,Carl Hiaasen
469,470,Carl Kurlander
470,471,Carl Reiner
471,472,Carl Sagan 
472,473,Carl V. Dupré
473,474,Carlo Carlei
474,475,Carlo Collodi
475,476,Carlos Davis
476,477,Carlos Ezquerra
477,478,Carlos Saura
478,479,Carol Black
479,480,Carol Frank
480,481,Carol Heikkinen
481,482,Carol Sobieski
482,483,Carol Watson
483,484,Carole Eastman 
484,485,Caroline Thompson
485,486,Caroline Thompson 
486,487,Carrie Mungo
487,488,Casey Robinson
488,489,Catherine Breillat
489,490,Catherine Cohen
490,491,Catherine Cyran
491,492,Cathleen Schine
492,493,Cathy Cash Spellman
493,494,Cedric the Entertainer
494,495,Cesare Zavattini 
495,496,Charles Addams
496,497,Charles B. Griffith
497,498,Charles Band
498,499,Charles Beaumont
499,500,Charles Bennett
500,501,Charles Brackett
501,502,Charles Burnett
502,503,Charles Chaplin
503,504,Charles Chaplin 
504,505,Charles Crichton
505,506,Charles Dickens
506,507,Charles Dickens 
507,508,Charles Edward Pogue
508,509,Charles Edward Pogue 
509,510,Charles F. Shelton
510,511,Charles Finch
511,512,Charles Fuller 
512,513,Charles Gieg Jr.
513,514,Charles Leavitt
514,515,Charles Lederer
515,516,Charles MacArthur
516,517,Charles McKeown
517,518,Charles Perrault
518,519,Charles Portis
519,520,Charles R. Jackson
520,521,Charles S. Haas
521,522,Charles S. Haas 
522,523,Charles Shyer
523,524,Charles Spaak
524,525,Charles Swenson
525,526,Charles W. Bailey II
526,527,Charles Webb
527,528,Charles Williams
528,529,Charles Williams 
529,530,Charles Wood
530,531,Charlie Fletcher
531,532,Charlie Kaufman
532,533,Charlie Murphy 
533,534,Charlie Peters
534,535,Charlotte Brontë
535,536,Chazz Palminteri 
536,537,Cheech Marin
537,538,Chester Gould
538,539,Chet Raymo 
539,540,Cheuk-Hon Szeto
540,541,Chi Muoi Lo
541,542,Chip Johannessen
542,543,Chloe King
543,544,Choderlos de Laclos
544,545,Chris Brancato
545,546,Chris Carter 
546,547,Chris Columbus
547,548,Chris Conkling
548,549,Chris Conrad
549,550,Chris Crutcher
550,551,Chris Elliott
551,552,Chris Hauty
552,553,Chris Hudson
553,554,Chris Kattan
554,555,Chris Marker
555,556,Chris Matheson
556,557,Chris Miller
557,558,Chris Miller 
558,559,Chris Noonan
559,560,Chris Radant
560,561,Chris Roberts 
561,562,Chris Sanders
562,563,Chris Soth
563,564,Chris Vander Stappen  
564,565,Chris Viscardi
565,566,Chris Warner
566,567,Chris Weitz
567,568,Christian Clavier
568,569,Christian Ford
569,570,Christian Forte
570,571,Christina Crawford
571,572,Christine Bell
572,573,Christoph Fromm
573,574,Christopher Bertolini
574,575,Christopher Bram
575,576,Christopher Cosby
576,577,Christopher Crowe
577,578,Christopher De Vore
578,579,Christopher DeFaria
579,580,Christopher Guest
580,581,Christopher Hampton
581,582,Christopher Hampton 
582,583,Christopher Isherwood
583,584,Christopher Landon
584,585,Christopher Leitch
585,586,Christopher McQuarrie
586,587,Christopher Monger
587,588,Christopher Nolan
588,589,Christopher Reeve
589,590,Christopher Robbins
590,591,Christopher Scott Cherot
591,592,Christopher Wilkinson
592,593,Christopher Wood
593,594,Christy Brown
594,595,Chuck Palahniuk
595,596,Chuck Pfarrer
596,597,Chuck Pfarrer 
597,598,Chuck Russell
598,599,Cinqué Lee
599,600,Clare Boothe Luce
600,601,Clare Peploe
601,602,Clark Gregg 
602,603,Clark Walker
603,604,Claud Cockburn
604,605,Claude Anet
605,606,Claude Berri
606,607,Claude Berri 
607,608,Claude Binyon
608,609,Claude Kerven
609,610,Claude Lelouch
610,611,Claude Miller
611,612,Claude Nuridsany
612,613,Claude Stanush 
613,614,Claude Zidi
614,615,Claudine West
615,616,Clay Ayers
616,617,Clemence Randolph
617,618,Cleveland ONeal III
618,619,Cliff Gardner
619,620,Cliff Green
620,621,Cliff Ruby
621,622,Clifford Green
622,623,Clifton L. Taulbert
623,624,Clive Barker
624,625,Clive Barker 
625,626,Clive Exton
626,627,Clyde Bruckman
627,628,Clyde Hayes
628,629,Colby Carr
629,630,Colette
630,631,Colin Higgins
631,632,Colin Quinn
632,633,Colin Welland
633,634,Colin Wilson
634,635,Collier Young
635,636,Conor McPherson
636,637,Constantine Nasr
637,638,Corey Allen
638,639,Corey Blechman
639,640,Corey Mandell
640,641,Cornelius Ryan 
641,642,Cornell Woolrich
642,643,Costa Dillon
643,644,Craig Bolotin 
644,645,Craig Ferguson
645,646,Craig Lucas
646,647,Craig Mazin
647,648,Craig Mazin 
648,649,Craig Pearce
649,650,Craig Spector
650,651,Crane Wilbur 
651,652,Curt Siodmak
652,653,Curtis Hanson
653,654,Cyril Hume
654,655,Cyrus Voris
655,656,Czenzi Ormonde
656,657,Cédric Klapisch
657,658,D.B. Wyndham-Lewis
658,659,D.L. Hughley
659,660,D.M. Marshman Jr.
660,661,D.V. DeVincentis
661,662,DJ Pooh
662,663,Daisy von Scherler Mayer 
663,664,Dale Launer
664,665,Dalene Young
665,666,Dalton S. Reymond 
666,667,Dalton Trumbo
667,668,Dalton Trumbo  
668,669,Damon Runyon
669,670,Dan Aykroyd
670,671,Dan Curtis
671,672,Dan Gilroy
672,673,Dan Gordon
673,674,Dan Greenburg
674,675,Dan Greenburg 
675,676,Dan OBannon
676,677,Dan OBannon 
677,678,Dan OBannon  
678,679,Dan Rosen
679,680,Dana Olsen
680,681,Dana Olsen 
681,682,Dana Stevens
682,683,Daniel Chuba
683,684,Daniel Defoe
684,685,Daniel F. Galouye
685,686,Daniel Farrands
686,687,Daniel Fuchs
687,688,Daniel G. Sullivan
688,689,Daniel Goldberg
689,690,Daniel Goldberg  
690,691,Daniel Mainwaring
691,692,Daniel Mainwaring 
692,693,Daniel Myrick
693,694,Daniel Odier
694,695,Daniel P. Mannix
695,696,Daniel Petrie Jr.
696,697,Daniel Pyne
697,698,Daniel Quinn 
698,699,Daniel Reitz 
699,700,Daniel Taradash
700,701,Daniel Vigne
701,702,Daniel Waters
702,703,Daniel Waters 
703,704,Daniel Woodrell
704,705,Daniel Yost
705,706,Danielle Alexandra 
706,707,Danilo Bach
707,708,Danièle Thompson 
708,709,Danny Bilson 
709,710,Danny Hoch  
710,711,Danny Rubin 
711,712,Danny Steinmann
712,713,Daphne Du Maurier
713,714,Darcy Frey
714,715,Darcy Meyers
715,716,Dardano Sacchetti
716,717,Daria Nicolodi 
717,718,Darin Scott
718,719,Dario Argento
719,720,Darlene Craviotto
720,721,Darrell Roodt
721,722,Darren Aronofsky
722,723,Darren Aronofsky 
723,724,Darren Stein
724,725,Darryl Ponicsan
725,726,Darryl Quarles 
726,727,Daryl G. Nickens
727,728,Daryl Haney
728,729,Daryl Matthews
729,730,Dashiell Hammett
730,731,Dashiell Hammett 
731,732,Dave Chappelle
732,733,Dave Stevens
733,734,David Aaron Cohen
734,735,David Ambrose
735,736,David Arata 
736,737,David Ayer
737,738,David Baldacci
738,739,David Bar Katz 
739,740,David Beaird
740,741,David Brin
741,742,David C. Johnson
742,743,David C. Wilson
743,744,David Casci 
744,745,David Chaskin
745,746,David Cohen 
746,747,David Cronenberg
747,748,David Dodge
748,749,David Duncan
749,750,David E. Kelley
750,751,David E. Kelley 
751,752,David E. Lewis
752,753,David E. Peckinpah
753,754,David Elliot 
754,755,David Engelbach
755,756,David Epstein
756,757,David F. Friedman 
757,758,David Field
758,759,David Frankel
759,760,David Franzoni
760,761,David Franzoni 
761,762,David Friedkin
762,763,David Giler
763,764,David Giles
764,765,David Greenwalt
765,766,David Guterson
766,767,David Hare 
767,768,David Hayter
768,769,David Hodgin
769,770,David Hoselton
770,771,David Howard 
771,772,David Isaacs
772,773,David J. Schow
773,774,David Jonas
774,775,David Kirschner
775,776,David Kirschner 
776,777,David Klass
777,778,David Koepp
778,779,David Koepp 
779,780,David L. Corley
780,781,David Lean
781,782,David Lee Miller 
782,783,David Leland
783,784,David Levien
784,785,David Loughery
785,786,David Loughery 
786,787,David Lynch
787,788,David Madsen
788,789,David Mamet
789,790,David Mamet 
790,791,David Marconi
791,792,David McKenna
792,793,David Michael Wieger
793,794,David Mickey Evans
794,795,David Morrell
795,796,David N. Weiss
796,797,David Newman
797,798,David Newman 
798,799,David O. Russell
799,800,David O. Selznick
800,801,David OMalley
801,802,David Odell
802,803,David Pabian
803,804,David Pirie
804,805,David Rabe
805,806,David Rayfiel
806,807,David Reuben
807,808,David S. Goyer
808,809,David S. Ward
809,810,David Saperstein
810,811,David Schmoeller
811,812,David Schmoeller 
812,813,David Self
813,814,David Seltzer
814,815,David Seltzer 
815,816,David Shaber 
816,817,David Sheffield
817,818,David Sherwin 
818,819,David Siegel
819,820,David Simkins
820,821,David Spade
821,822,David Spector
822,823,David Stenn
823,824,David Steven Cohen
824,825,David Stevens
825,826,David Stevens 
826,827,David Stone
827,828,David Swift
828,829,David Toney
829,830,David Twohy
830,831,David Twohy 
831,832,David Urrutia
832,833,David Veloz
833,834,David Webb Peoples
834,835,David Webb Peoples 
835,836,David Wechter
836,837,David Weisberg
837,838,David Weisberg 
838,839,David Williamson
839,840,David Z. Weinstein
840,841,David Zelag Goodman
841,842,David Zucker
842,843,Daying Ye
843,844,DeWitt Bodeen
844,845,Dean Devlin
845,846,Dean Devlin 
846,847,Dean Lorey
847,848,Dean Pitchford
848,849,Dean R. Koontz
849,850,Dean R. Koontz 
850,851,Dean Riesner
851,852,Deanna Oliver
852,853,Deborah Amelon
853,854,Deborah Blum
854,855,Deborah Dean Davis
855,856,Deborah Kaplan
856,857,Deborah Kaplan 
857,858,Deborah Navarra-Brock
858,859,Debra Hill
859,860,Deena Goldstone
860,861,Delia Ephron
861,862,Delmer Daves
862,863,Demetria Johnson
863,864,Denis Johnson
864,865,Denis Leary 
865,866,Denis ONeill
866,867,Denise DeClue
867,868,Dennis DeShazer 
868,869,Dennis Feldman
869,870,Dennis Hackin
870,871,Dennis Hopper
871,872,Dennis K. Law
872,873,Dennis Lee
873,874,Dennis Palumbo 
874,875,Dennis Paoli
875,876,Dennis Paoli 
876,877,Dennis Shryack
877,878,Dennis Snee
878,879,Dennis Wheatley
879,880,Deric Washburn 
880,881,Derick Martini 
881,882,Desmond Nakano
882,883,Dev Ross
883,884,Dhani Lipsius
884,885,Diana Henstell
885,886,Diane Drake
886,887,Diane Johnson
887,888,Diane Thomas
888,889,Diane Tucker
889,890,Dick Beebe
890,891,Dick Chevillat 
891,892,Dick Clement
892,893,Dick Huemer
893,894,Dick King-Smith
894,895,Didier Decoin
895,896,Didier Kaminka
896,897,Djordje Milicevic
897,898,Dode B. Levenson
898,899,Dodie Smith
899,900,Don Bluth
900,901,Don Carlos Dunaway
901,902,Don Coscarelli
902,903,Don DaGradi
903,904,Don Holley 
904,905,Don Ingalls
905,906,Don Jakoby
906,907,Don Jakoby 
907,908,Don Lake 
908,909,Don MacPherson
909,910,Don Mancini
910,911,Don Mancini 
911,912,Don McEnery
912,913,Don McKellar
913,914,Don Nelson
914,915,Don Rhymer
915,916,Don Roos
916,917,Don Tait
917,918,Don Tracy
918,919,Donal Lardner Ward
919,920,Donald A. Wollheim
920,921,Donald Bevan
921,922,Donald E. Stewart
922,923,Donald E. Westlake
923,924,Donald G. Payne
924,925,Donald Ogden Stewart
925,926,Donn Pearce 
926,927,Donna Powers
927,928,Dorothy Kingsley
928,929,Dorothy Kingsley 
929,930,Dorothy Parker
930,931,Dorothy Parker 
931,932,Dorrie Krum Raymond
932,933,Doug Ellin
933,934,Doug Langdale
934,935,Doug Olson
935,936,Doug Richardson
936,937,Doug Richardson 
937,938,Douglas Carter Beane
938,939,Douglas Cook
939,940,Douglas Cook 
940,941,Douglas Day Stewart
941,942,Douglas Kenney
942,943,Douglas McGrath
943,944,Douglas Preston
944,945,Drew Gitlin
945,946,Duane Capizzi
946,947,Dudley Nichols
947,948,Duncan Kennedy
948,949,Duncan North 
949,950,Dusan Kovacevic
950,951,Dwight Taylor 
951,952,Dwight V. Babcock 
952,953,E. Jack Kaplan 
953,954,E. Max Frye
954,955,E.A. Ellington
955,956,E.B. White
956,957,E.C. Segar
957,958,E.M. Forster
958,959,E.M. Nathanson
959,960,E.R. Braithwaite
960,961,Earl Felton
961,962,Earl Hamner Jr.
962,963,Earl Mac Rauch
963,964,Earl W. Wallace 
964,965,Ebbe Roe Smith
965,966,Ed Boon
966,967,Ed Decter 
967,968,Ed Jones
968,969,Ed Justin
969,970,Ed Naha
970,971,Ed Naha 
971,972,Ed Solomon
972,973,Ed Solomon 
973,974,Ed Stone
974,975,Eddie Guzelian
975,976,Eddie Little
976,977,Eddie Murphy
977,978,Edgar Allan Poe
978,979,Edgar Allan Poe   
979,980,Edgar Allan Woolf
980,981,Edith Wharton
981,982,Edmond Rostand
982,983,Edmond Seward 
983,984,Edmund Beloin
984,985,Edmund Goulding
985,986,Edmund H. North
986,987,Edmund H. North 
987,988,Edmund Naughton
988,989,Edna Ferber
989,990,Eduardo Sánchez
990,991,Edward Abbey
991,992,Edward Albee 
992,993,Edward Bernds
993,994,Edward Bond
994,995,Edward Bunker
995,996,Edward Burns
996,997,Edward D. Wood Jr.
997,998,Edward Khmara 
998,999,Edward L. Beach
999,1000,Edward Lewis Wallant
1000,1001,Edward Neumeier
1001,1002,Edward Pomerantz 
1002,1003,Edward Streeter
1003,1004,Edward T. Lowe Jr.
1004,1005,Edward Tang
1005,1006,Edward Zwick
1006,1007,Edwin Blum
1007,1008,Edwin Greenwood
1008,1009,Edwin Justus Mayer
1009,1010,Edwin Torres
1010,1011,Egon Jacobsohn 
1011,1012,Ehren Kruger
1012,1013,Ehud Yonay
1013,1014,Eileen Atkins
1014,1015,Elaine May
1015,1016,Elana Lesser
1016,1017,Eleanor Bergstein
1017,1018,Eleanor H. Porter
1018,1019,Eleanore Griffin 
1019,1020,Eleazar Lipsky
1020,1021,Elia Kazan 
1021,1022,Eliot Ness
1022,1023,Eliot Stannard
1023,1024,Eliot Wald
1024,1025,Elisa Bell 
1025,1026,Elisa M. Rothstein
1026,1027,Elizabeth Anderson
1027,1028,Elizabeth Bradley
1028,1029,Elizabeth Chandler
1029,1030,Elizabeth Cuthrell
1030,1031,Elizabeth Hill
1031,1032,Elizabeth Livingston
1032,1033,Elizabeth McNeill
1033,1034,Elizabeth White
1034,1035,Elizabeth von Arnim
1035,1036,Ellen Green
1036,1037,Ellen Simon
1037,1038,Elliot Tong
1038,1039,Ellis Kadison
1039,1040,Ellyn Bache
1040,1041,Elmer Rice
1041,1042,Elmore Leonard
1042,1043,Elmore Leonard 
1043,1044,Emilio Estevez
1044,1045,Emir Kusturica
1045,1046,Emma Thompson
1046,1047,Ennio De Concini
1047,1048,Ennio Flaiano
1048,1049,Ennio Flaiano 
1049,1050,Enrique Urbizu
1050,1051,Enzo Ungari
1051,1052,Erdman Penner
1052,1053,Eric Ambler
1053,1054,Eric Bergren
1054,1055,Eric Bernt
1055,1056,Eric Blakeney
1056,1057,Eric Bogosian 
1057,1058,Eric Goldberg 
1058,1059,Eric Hatch 
1059,1060,Eric Hughes
1060,1061,Eric Idle
1061,1062,Eric Knight
1062,1063,Eric Lerner 
1063,1064,Eric Red
1064,1065,Eric Roth
1065,1066,Eric Roth 
1066,1067,Eric Schaeffer 
1067,1068,Eric Taylor
1068,1069,Eric Watson
1069,1070,Eric Williams
1070,1071,Erica Fischer
1071,1072,Erich Kästner
1072,1073,Erich Maria Remarque
1073,1074,Erik Hansen 
1074,1075,Erik Orsenna
1075,1076,Erik Skjoldbjærg
1076,1077,Erika Holzer
1077,1078,Ernest Hemingway
1078,1079,Ernest Hemingway 
1079,1080,Ernest Lehman
1080,1081,Ernest Pagano
1081,1082,Ernest Terrazas
1082,1083,Ernest Thompson 
1083,1084,Ernest Tidyman
1084,1085,Ernest Tidyman 
1085,1086,Ernie Contreras
1086,1087,Ernie Contreras 
1087,1088,Ernst Laemmle 
1088,1089,Ernst Lubitsch 
1089,1090,Ernst Neubach
1090,1091,Errol Morris
1091,1092,Errol Trzebinski
1092,1093,Erwin Hearne
1093,1094,Esther Freud
1094,1095,Ethan Coen
1095,1096,Ethan Reiff
1096,1097,Ethan Wiley
1097,1098,Ethel Hill
1098,1099,Ethel Hill 
1099,1100,Ethel Lina White
1100,1101,Eugene Corr
1101,1102,Eugene Levy
1102,1103,Evan Chandler 
1103,1104,Evan Hunter
1104,1105,Evan Tylor
1105,1106,Everett Freeman
1106,1107,Ezra D. Rappaport
1107,1108,Ezra Litwak
1108,1109,Fannie Flagg 
1109,1110,Farhad Mann 
1110,1111,Farley Mowat
1111,1112,Fay Weldon
1112,1113,Federico Fellini
1113,1114,Federico Fellini 
1114,1115,Feiyu Bi
1115,1116,Felix Salten
1116,1117,Felix Sutton
1117,1118,Feng Jicai
1118,1119,Fernanda Young
1119,1120,Fibe Ma
1120,1121,Fletcher Knebel
1121,1122,Flint Dille
1122,1123,Florence Ryerson
1123,1124,Floyd Mutrux
1124,1125,Floyd Mutrux 
1125,1126,Forrest Carter
1126,1127,Fran Walsh
1127,1128,Frances Doel
1128,1129,Frances Goodrich
1129,1130,Frances Hodgson Burnett
1130,1131,Frances Marion
1131,1132,Francis Ford Coppola
1132,1133,Francis Ford Coppola 
1133,1134,Francis Veber
1134,1135,Francis X. McCarthy Jr.
1135,1136,Francisca Matos
1136,1137,Franco Brusati
1137,1138,Franco Zeffirelli
1138,1139,Franco Zeffirelli 
1139,1140,Frank Barhydt
1140,1141,Frank Butler
1141,1142,Frank Capra
1142,1143,Frank Cavett
1143,1144,Frank Cottrell Boyce
1144,1145,Frank Craven
1145,1146,Frank Darabont
1146,1147,Frank De Felitta 
1147,1148,Frank Dux
1148,1149,Frank Fenton
1149,1150,Frank Herbert
1150,1151,Frank Launder
1151,1152,Frank Levering
1152,1153,Frank M. Robinson
1153,1154,Frank McCourt
1154,1155,Frank Miller 
1155,1156,Frank Oz
1156,1157,Frank Parkin
1157,1158,Frank Perry
1158,1159,Frank Pierson
1159,1160,Frank Ray Perilli
1160,1161,Frank S. Nugent
1161,1162,Frank Sebastiano
1162,1163,Frank Spotnitz
1163,1164,Frank Waldman
1164,1165,Frank Yablans
1165,1166,Franklin Coen 
1166,1167,Franz Lidz
1167,1168,Franz Rodenkirchen
1168,1169,François Girard
1169,1170,François Truffaut
1170,1171,François Truffaut 
1171,1172,Fred Dekker
1172,1173,Fred F. Finklehoffe
1173,1174,Fred Gipson 
1174,1175,Fred Guiol
1175,1176,Fred Mata
1176,1177,Fred Schepisi
1177,1178,Fred Waitzkin
1178,1179,Fred Wolf
1179,1180,Frederic I. Rinaldo
1180,1181,Frederic Kimball
1181,1182,Frederic Raphael
1182,1183,Frederic Tuten 
1183,1184,Frederick Knott
1184,1185,Frederick Marx
1185,1186,Fredric Lebow
1186,1187,Fredric M. Frank 
1187,1188,Fridrikh Gorenshteyn
1188,1189,Fritz Lang
1189,1190,Fritz Lang 
1190,1191,Fulvio Morsella
1191,1192,Furio Scarpelli 
1192,1193,Gail Gilchriest
1193,1194,Gale Anne Hurd
1194,1195,Garrett Fort
1195,1196,Garry Marshall
1196,1197,Garry Marshall 
1197,1198,Garry Shandling 
1198,1199,Garry Williams
1199,1200,Garson Kanin 
1200,1201,Garth Belcon 
1201,1202,Gary Brandner
1202,1203,Gary Brandner 
1203,1204,Gary DeVore 
1204,1205,Gary Goldman
1205,1206,Gary K. Wolf
1206,1207,Gary Nadeau
1207,1208,Gary Oldman
1208,1209,Gary Ross
1209,1210,Gary Scott Thompson
1210,1211,Gary Sherman
1211,1212,Gaspar Noé
1212,1213,Gavin Lambert
1213,1214,Gavin OConnor
1214,1215,Gavin Scott
1215,1216,Gay Partington Terry
1216,1217,Gayle Gleckler
1217,1218,Gene Quintano
1218,1219,Gene Roddenberry
1219,1220,Gene Wilder
1220,1221,Genevieve Nicholas
1221,1222,Geoff Chapple
1222,1223,Geoffrey Wright
1223,1224,George A. Romero
1224,1225,George Abbott
1225,1226,George Abbott 
1226,1227,George Axelrod
1227,1228,George Barrington 
1228,1229,George Bernard Shaw
1229,1230,George Clayton Johnson
1230,1231,George Dawes Green
1231,1232,George Eliot
1232,1233,George Fox
1233,1234,George Froeschel
1234,1235,George Gallo
1235,1236,George Gipe
1236,1237,George Goldsmith
1237,1238,George Haas
1238,1239,George Huang
1239,1240,George Hurdalek
1240,1241,George Langelaan
1241,1242,George Lucas
1242,1243,George Lucas 
1243,1244,George Lutz 
1244,1245,George MacDonald Fraser
1245,1246,George Miller
1246,1247,George Miller 
1247,1248,George Orwell
1248,1249,George S. Kaufman
1249,1250,George Seaton
1250,1251,George Seaton 
1251,1252,George Tillman Jr.
1252,1253,George Wells 
1253,1254,George Worthing Yates
1254,1255,George Zaloom
1255,1256,Gerald Di Pego
1256,1257,Gerald Di Pego 
1257,1258,Gerald Petievich
1258,1259,Gerald Wexler
1259,1260,Gerald Wilson
1260,1261,Gerry Anderson 
1261,1262,Gerry Conlon
1262,1263,Geza Herczeg 
1263,1264,Giacomo Scarpelli 
1264,1265,Gianni Romoli
1265,1266,Gigi Levangie 
1266,1267,Gilbert Adair
1267,1268,Gilbert Adler
1268,1269,Gill Dennis
1269,1270,Gilles Adrien
1270,1271,Gilles Adrien 
1271,1272,Gillian Horvath
1272,1273,Gillies MacKinnon
1273,1274,Gimel Everett
1274,1275,Gina Goldman
1275,1276,Gina Prince-Bythewood
1276,1277,Gina Wendkos
1277,1278,Giovanni Arpino
1278,1279,Giuseppe Tornatore
1279,1280,Giuseppe Tornatore 
1280,1281,Gladys Hill
1281,1282,Glen Charles
1282,1283,Glen Morgan
1283,1284,Gloria Katz
1284,1285,Gordan Mihic
1285,1286,Gordon Buford
1286,1287,Gordon Chan 
1287,1288,Gordon Gordon
1288,1289,Gordon Gordon 
1289,1290,Gordon Melbourne
1290,1291,Gore Vidal
1291,1292,Gore Vidal 
1292,1293,Graeme Manson
1293,1294,Graham Chapman
1294,1295,Graham Greene
1295,1296,Graham Greene 
1296,1297,Graham Yost
1297,1298,Gray Frederickson
1298,1299,Greer Goodman
1299,1300,Greg Berlanti
1300,1301,Greg Brooker
1301,1302,Greg Dinner
1302,1303,Greg Erb
1303,1304,Greg Erb 
1304,1305,Greg Fields
1305,1306,Greg Glienna 
1306,1307,Greg Harrison
1307,1308,Greg Latter
1308,1309,Greg Mellott
1309,1310,Greg Mottola
1310,1311,Greg Norberg
1311,1312,Greg Spence
1312,1313,Greg Taylor
1313,1314,Greg Taylor 
1314,1315,Gregg Araki
1315,1316,Gregory Allen Howard
1316,1317,Gregory Bernstein 
1317,1318,Gregory Fleeman
1318,1319,Gregory Hansen  
1319,1320,Gregory K. Pincus 
1320,1321,Gregory McDonald
1321,1322,Gregory Nava
1322,1323,Gregory Poirier
1323,1324,Gregory Poirier 
1324,1325,Gregory Widen
1325,1326,Gregory Widen 
1326,1327,Griffin Jay
1327,1328,Griffin Jay 
1328,1329,Grigoriy Aleksandrov 
1329,1330,Guillermo del Toro
1330,1331,Guillermo del Toro 
1331,1332,Guinevere Turner
1332,1333,Gus Van Sant
1333,1334,Gustav Hasford 
1334,1335,Guy Ferland
1335,1336,Guy Manos
1336,1337,Guy Ritchie
1337,1338,Guy de Maupassant
1338,1339,Gypsy Rose Lee
1339,1340,Gérard Brach
1340,1341,Gérard Corbiau 
1341,1342,Gérard Oury
1342,1343,Günter Grass 
1343,1344,H. Rider Haggard
1344,1345,H.B. Halicki
1345,1346,H.E. Bates
1346,1347,H.G. Wells
1347,1348,H.P. Lovecraft
1348,1349,H.T. Kavanagh
1349,1350,Hagar Wilde 
1350,1351,Haim Saban
1351,1352,Hal Barwood 
1352,1353,Hal Dresner
1353,1354,Hal Hartley
1354,1355,Hal Kanter
1355,1356,Hal Salwen
1356,1357,Hamilton Deane
1357,1358,Hampton Fancher
1358,1359,Han Suyin
1359,1360,Hanif Kureishi
1360,1361,Hans Bauer
1361,1362,Hans Christian Andersen
1362,1363,Hans Hoemburg
1363,1364,Hans Holzer
1364,1365,Hans Jacoby
1365,1366,Hark Tsui
1366,1367,Harley Peyton
1367,1368,Harmony Korine
1368,1369,Harold Jacob Smith
1369,1370,Harold Livingston
1370,1371,Harold Ramis
1371,1372,Harold Robbins
1372,1373,Harper Lee
1373,1374,Harriet Frank Jr.
1374,1375,Harris Goldberg
1375,1376,Harry Allard
1376,1377,Harry Bates
1377,1378,Harry Birckmayer 
1378,1379,Harry Brown
1379,1380,Harry Carr
1380,1381,Harry Chandlee
1381,1382,Harry Crocker
1382,1383,Harry Elfont
1383,1384,Harry Elfont 
1384,1385,Harry Essex
1385,1386,Harry Grey
1386,1387,Harry Harrison
1387,1388,Harry Julian Fink
1388,1389,Harry Kleiner
1389,1390,Harry Kurnitz
1390,1391,Harry Reeves
1391,1392,Harry Segall
1392,1393,Harry Segall 
1393,1394,Harry Shearer
1394,1395,Harve Bennett
1395,1396,Harve Bennett 
1396,1397,Harvey Bernhard
1397,1398,Harvey Miller
1398,1399,Harvey Weitzman
1399,1400,Hayao Miyazaki
1400,1401,Heather Donahue 
1401,1402,Heck Allen
1402,1403,Heinrich Harrer
1403,1404,Heinz Herald 
1404,1405,Helen Childress
1405,1406,Helen Cooper
1406,1407,Helen Deutsch
1407,1408,Helen Prejean
1408,1409,Helen Simpson
1409,1410,Helena Kriel
1410,1411,Henri Charrière
1411,1412,Henri-Georges Clouzot
1412,1413,Henri-Pierre Roché
1413,1414,Henry De Vere Stacpoole
1414,1415,Henry Farrell
1415,1416,Henry Fielding
1416,1417,Henry Garson
1417,1418,Henry Jaglom
1418,1419,Henry James
1419,1420,Henry S. Villard
1420,1421,Henry Sucher
1421,1422,Henry Sucher 
1422,1423,Herb Gardner 
1423,1424,Herbert Baker
1424,1425,Herk Harvey 
1425,1426,Herman J. Mankiewicz
1426,1427,Herman Miller 
1427,1428,Herman Raucher
1428,1429,Herman Weigel
1429,1430,Herschel Weingrod
1430,1431,Herschell Gordon Lewis
1431,1432,Herschell Gordon Lewis 
1432,1433,Hervé Palud
1433,1434,Hesper Anderson
1434,1435,Heywood Gould
1435,1436,Hideo Oguni
1436,1437,Hilary Henkin
1437,1438,Hilary St George Saunders
1438,1439,Hilary du Pré
1439,1440,Hirokazu Koreeda
1440,1441,Hiroshi Kashiwabara
1441,1442,Holly Goldberg Sloan
1442,1443,Holly Goldberg Sloan 
1443,1444,Homer Brightman
1444,1445,Homer H. Hickam Jr.
1445,1446,Honoré de Balzac
1446,1447,Hope Loring
1447,1448,Horace McCoy
1448,1449,Horton Foote
1449,1450,Horton Foote 
1450,1451,Hossein Amini
1451,1452,Howard Ashman 
1452,1453,Howard Estabrook 
1453,1454,Howard Fast
1454,1455,Howard Franklin
1455,1456,Howard Hawks
1456,1457,Howard Hawks 
1457,1458,Howard Klausner
1458,1459,Howard Koch
1459,1460,Howard Lindsay
1460,1461,Howard Rodman
1461,1462,Howard Sackler
1462,1463,Howard Sackler 
1463,1464,Howard Stern
1464,1465,Hua Yu 
1465,1466,Hubert Selby Jr. 
1466,1467,Hudson Talbott
1467,1468,Hugh Kelley
1468,1469,Hugh Leonard 
1469,1470,Hugh Lofting
1470,1471,Hugh Walpole
1471,1472,Hugh Whitemore
1472,1473,Hugh Wilson
1473,1474,Hugh Wilson 
1474,1475,Hugo Butler
1475,1476,Hui-Ling Wang
1476,1477,Hume Cronyn
1477,1478,Hunter S. Thompson
1478,1479,I. Marlene King
1479,1480,I.A.L. Diamond
1480,1481,Iain Johnstone
1481,1482,Iain Softley
1482,1483,Ian Fleming
1483,1484,Ian Fleming 
1484,1485,Ian Hay
1485,1486,Ian La Frenais
1486,1487,Ian McEwan
1487,1488,Ian McKellen
1488,1489,Ian McLellan Hunter 
1489,1490,Ice Cube
1490,1491,Ida Lupino
1491,1492,Ifor David Monger
1492,1493,Ilene Chaiken 
1493,1494,Ilya Ilf
1494,1495,Ingmar Bergman
1495,1496,Ingmar Bergman 
1496,1497,Ira Levin
1497,1498,Irene Mecchi
1498,1499,Irvine H. Millgate
1499,1500,Irvine Welsh
1500,1501,Irving Berlin
1501,1502,Irving Block
1502,1503,Irving Brecher
1503,1504,Irving Ravetch
1504,1505,Irving Shulman
1505,1506,Irwin Allen
1506,1507,Irwin Allen 
1507,1508,Isaac Asimov 
1508,1509,Isabel Allende
1509,1510,Isabelle Holland
1510,1511,Ishirô Honda
1511,1512,Isobel Lennart
1512,1513,István Szabó
1513,1514,Italo Moscati
1514,1515,Itoko Nakamura
1515,1516,Ivan Goff
1516,1517,Ivan Moffat
1517,1518,Ivan Raimi
1518,1519,Izô Hashimoto
1519,1520,J. David Stem
1520,1521,J. Edward Kiernan
1521,1522,J. Stanford Parker
1522,1523,J. Stephen Peace
1523,1524,J.B. Cook
1524,1525,J.B. Priestley
1525,1526,J.B. Rogers
1526,1527,J.D. Shapiro
1527,1528,J.D. Shapiro 
1528,1529,J.D. Zeik 
1529,1530,J.F. Lawton
1530,1531,J.G. Ballard
1531,1532,J.H. Rosny Sr.
1532,1533,J.J. Abrams
1533,1534,J.M. Barrie
1534,1535,J.M. Barrie 
1535,1536,J.R.R. Tolkien
1536,1537,J.S. Cardone
1537,1538,Jack Arnold
1538,1539,Jack B. Sowards 
1539,1540,Jack Baran
1540,1541,Jack Behr
1541,1542,Jack Bernstein
1542,1543,Jack Bernstein 
1543,1544,Jack Burns
1544,1545,Jack Cowden
1545,1546,Jack Engelhard
1546,1547,Jack Epps Jr.
1547,1548,Jack Finney
1548,1549,Jack M. Bickham
1549,1550,Jack ODonnell
1550,1551,Jack Schaefer
1551,1552,Jack Sher
1552,1553,Jack Trevor Story
1553,1554,Jack Whittingham 
1554,1555,Jackie Chan
1555,1556,Jackie Moran
1556,1557,Jacob Brackman 
1557,1558,Jacob Grimm
1558,1559,Jacquelyn Mitchard
1559,1560,Jacques Companéez
1560,1561,Jacques Demy
1561,1562,Jacques Prévert
1562,1563,Jafar Panahi
1563,1564,Jaime Chávarri 
1564,1565,Jake Kasdan
1565,1566,Jake LaMotta
1566,1567,James Agee
1567,1568,James Algar
1568,1569,James Ashmore Creelman
1569,1570,James B. Harris
1570,1571,James Bridges
1571,1572,James Burke
1572,1573,James Cameron
1573,1574,James Cameron 
1574,1575,James Carabatsos
1575,1576,James Carrington
1576,1577,James Clavell
1577,1578,James Clouse
1578,1579,James Costigan
1579,1580,James Cresson
1580,1581,James D. Buchanan 
1581,1582,James D. Parriott
1582,1583,James DeMonaco
1583,1584,James Dearden 
1584,1585,James Dickey 
1585,1586,James Doran
1586,1587,James Edward Grant
1587,1588,James Ellroy
1588,1589,James F. Robinson
1589,1590,James Fenimore Cooper
1590,1591,James Flamberg
1591,1592,James Fogle
1592,1593,James Gleason
1593,1594,James Gorman
1594,1595,James Grady
1595,1596,James Gray
1596,1597,James Gunn
1597,1598,James Hadley Chase
1598,1599,James Hamilton
1599,1600,James Hayslip
1600,1601,James Herbert
1601,1602,James Hilton
1602,1603,James Ivory
1603,1604,James Jones
1604,1605,James Keach
1605,1606,James L. Brooks
1606,1607,James Lasdun
1607,1608,James Lee Burke
1608,1609,James Leo Herlihy
1609,1610,James Lyons
1610,1611,James M. Cain
1611,1612,James Mangold
1612,1613,James Marshall
1613,1614,James McCausland
1614,1615,James Melkonian
1615,1616,James Merendino
1616,1617,James Morris
1617,1618,James Nagel
1618,1619,James OBarr
1619,1620,James OBarr 
1620,1621,James Oliver Curwood
1621,1622,James Orr
1622,1623,James Patterson
1623,1624,James Poe
1624,1625,James R. Webb
1625,1626,James Schamus
1626,1627,James Still
1627,1628,James Toback
1628,1629,James V. Hart
1629,1630,James V. Hart 
1630,1631,James Wong
1631,1632,Jamie Babbit
1632,1633,Jamie Curtis
1633,1634,Jamie Hewlett
1634,1635,Jamie Uys
1635,1636,Jan Sardi
1636,1637,Jan de Bont
1637,1638,Jana Howington
1638,1639,Jane Anderson
1639,1640,Jane Austen
1640,1641,Jane Campion
1641,1642,Jane Hamilton
1642,1643,Jane Kennedy
1643,1644,Jane Murfin
1644,1645,Jane Rusconi
1645,1646,Jane Smiley
1646,1647,Janet Lewis
1647,1648,Janet Peoples
1648,1649,Janet Roach
1649,1650,Janet Scott Batchler 
1650,1651,Janis Allen
1651,1652,Janus Cercone
1652,1653,Jasmin Dizdar
1653,1654,Jason Blumenthal
1654,1655,Jason Friedberg 
1655,1656,Jason Katims
1656,1657,Jason Schafer
1657,1658,Jason Schombing
1658,1659,Jay Anson
1659,1660,Jay Cocks
1660,1661,Jay Cronley
1661,1662,Jay Dratler
1662,1663,Jay Presson Allen
1663,1664,Jay Roach
1664,1665,Jay Simms 
1665,1666,Jay Sommers 
1666,1667,Jay Tarses
1667,1668,Jay Tarses 
1668,1669,Jay Ward
1669,1670,Jay Wurts
1670,1671,Jean Chalopin
1671,1672,Jean Cocteau 
1672,1673,Jean Gruault
1673,1674,Jean Herman
1674,1675,Jean M. Auel
1675,1676,Jean Moebius Giraud
1676,1677,Jean Poiret 
1677,1678,Jean Redon 
1678,1679,Jean Renoir
1679,1680,Jean Sacha
1680,1681,Jean Shepherd 
1681,1682,Jean Van Hamme
1682,1683,Jean-Claude Carrière
1683,1684,Jean-Claude Forest 
1684,1685,Jean-Claude Van Damme
1685,1686,Jean-Jacques Beineix 
1686,1687,Jean-Luc Godard
1687,1688,Jean-Luc Godard 
1688,1689,Jean-Marie Pallardy
1689,1690,Jean-Marie Poiré
1690,1691,Jean-Paul Rappeneau
1691,1692,Jean-Pierre Dardenne
1692,1693,Jean-Pierre Jeunet
1693,1694,Jean-Pierre Jeunet 
1694,1695,Jeanne Rosenberg
1695,1696,Jeannine Dominy
1696,1697,Jeb Rosebrook 
1697,1698,Jeb Stuart
1698,1699,Jeb Stuart 
1699,1700,Jeff Arch 
1700,1701,Jeff Buhai
1701,1702,Jeff Franklin
1702,1703,Jeff Lieberman
1703,1704,Jeff Maguire
1704,1705,Jeff Nimoy 
1705,1706,Jeff Phillips
1706,1707,Jeff Pollack 
1707,1708,Jeff Rawle
1708,1709,Jeff Reno
1709,1710,Jeff Rothberg
1710,1711,Jeff Schechter
1711,1712,Jeffery Deaver
1712,1713,Jeffrey Alan Fiskin
1713,1714,Jeffrey Bloom
1714,1715,Jeffrey Bloom 
1715,1716,Jeffrey Boam
1716,1717,Jeffrey Boam  
1717,1718,Jeffrey Caine
1718,1719,Jeffrey Delman
1719,1720,Jeffrey Eugenides
1720,1721,Jeffrey Falcon
1721,1722,Jeffrey Friedman
1722,1723,Jeffrey Kluger
1723,1724,Jeffrey Price
1724,1725,Jeffrey Reddick 
1725,1726,Jenaro Prieto
1726,1727,Jennifer Lynch
1727,1728,Jennings Lang
1728,1729,Jenniphr Goodman
1729,1730,Jere Cunningham
1730,1731,Jeremiah Newton
1731,1732,Jeremy Brock
1732,1733,Jeremy Iacone
1733,1734,Jeremy Iacone 
1734,1735,Jeremy Larner
1735,1736,Jeremy Leven
1736,1737,Jeremy Pikser
1737,1738,Jerome Armstrong 
1738,1739,Jerome Lawrence
1739,1740,Jerome Robbins
1740,1741,Jerry Belson
1741,1742,Jerry Juhl
1742,1743,Jerry Leichtling
1743,1744,Jerry Lewis
1744,1745,Jerry Siegel
1745,1746,Jerry Stahl
1746,1747,Jerry Zucker
1747,1748,Jerzy Kosinski 
1748,1749,Jessica Bendinger
1749,1750,Jessie Nelson
1750,1751,Jesús Franco
1751,1752,Jianyu Chen
1752,1753,Jill Cargerman
1753,1754,Jill Gordon
1754,1755,Jill Mazursky
1755,1756,Jill Sprecher
1756,1757,Jim Abrahams
1757,1758,Jim Allen
1758,1759,Jim Burnstein
1759,1760,Jim Burnstein 
1760,1761,Jim Carrey
1761,1762,Jim Carroll
1762,1763,Jim Cartwright
1763,1764,Jim Cash
1764,1765,Jim Cox
1765,1766,Jim Cruickshank
1766,1767,Jim Garrison
1767,1768,Jim Harrison
1768,1769,Jim Henson
1769,1770,Jim Herzfeld
1770,1771,Jim Jacobs
1771,1772,Jim Jarmusch
1772,1773,Jim Jennewein
1773,1774,Jim Jennewein 
1774,1775,Jim Jinkins
1775,1776,Jim Kouf
1776,1777,Jim Lovell
1777,1778,Jim Mallon
1778,1779,Jim Marrs
1779,1780,Jim McGlynn
1780,1781,Jim Moloney
1781,1782,Jim Mulholland
1782,1783,Jim Quinlan 
1783,1784,Jim Sharman
1784,1785,Jim Sheridan
1785,1786,Jim Strain 
1786,1787,Jim Taylor
1787,1788,Jim Thomas
1788,1789,Jim Thomas 
1789,1790,Jim Thompson
1790,1791,Jim Uhls
1791,1792,Jim Webb
1792,1793,Jim Wheat
1793,1794,Jim Wheat 
1794,1795,Jimmy Huston
1795,1796,Jimmy McGovern
1796,1797,Jimmy Sangster
1797,1798,Jimmy Santiago Baca
1798,1799,Jo Duffy
1799,1800,Jo Eisinger
1800,1801,Jo Swerling
1801,1802,Joan Didion
1802,1803,Joan Harrison
1803,1804,Joan Lindsay
1804,1805,Joan Taylor
1805,1806,Joan Tewkesbury
1806,1807,Joe Aaron
1807,1808,Joe Batteer 
1808,1809,Joe Camp
1809,1810,Joe Camp 
1810,1811,Joe Carnahan
1811,1812,Joe Connelly
1812,1813,Joe Eszterhas
1813,1814,Joe Gayton 
1814,1815,Joe Grant
1815,1816,Joe Grant 
1816,1817,Joe Klein
1817,1818,Joe Masteroff
1818,1819,Joe Ranft
1819,1820,Joe Rinaldi
1820,1821,Joe Ritter
1821,1822,Joe Roberts
1822,1823,Joe Shuster
1823,1824,Joe Stillman
1824,1825,Joel Coen
1825,1826,Joel Cohen
1826,1827,Joel Gross
1827,1828,Joel Schumacher
1828,1829,Joel Soisson
1829,1830,Joey Mazzarino
1830,1831,Johann David Wyss
1831,1832,Johanna Harwood
1832,1833,Johannes Heide
1833,1834,John A. Russo
1834,1835,John August
1835,1836,John Ball
1836,1837,John Berendt
1837,1838,John Binder
1838,1839,John Blumenthal
1839,1840,John Boorman
1840,1841,John Boorman 
1841,1842,John Bowe
1842,1843,John Braine
1843,1844,John Brancato
1844,1845,John Briley
1845,1846,John Brosnan 
1846,1847,John Brownjohn
1847,1848,John Bryson
1848,1849,John Buchan
1849,1850,John Byrum
1850,1851,John C. Higgins
1851,1852,John C. Richards 
1852,1853,John Carpenter
1853,1854,John Carpenter 
1854,1855,John Cassavetes
1855,1856,John Cleese
1856,1857,John Clifford
1857,1858,John Colton
1858,1859,John Cornell
1859,1860,John Cromwell
1860,1861,John D. MacDonald
1861,1862,John D. Voelker
1862,1863,John D.F. Black
1863,1864,John Dahl
1864,1865,John De Bello
1865,1866,John Dighton
1866,1867,John Duigan
1867,1868,John Eddie Johnson
1868,1869,John Eskow
1869,1870,John Esposito
1870,1871,John Farris 
1871,1872,John Farrow
1872,1873,John Ford 
1873,1874,John Frankenheimer
1874,1875,John Fusco
1875,1876,John G. Brennan
1876,1877,John G. Jones 
1877,1878,John Gay
1878,1879,John Godey
1879,1880,John Goldrosen
1880,1881,John Grant
1881,1882,John Gregory Dunne
1882,1883,John Grisham
1883,1884,John Guare
1884,1885,John Guare 
1885,1886,John Hamburg
1886,1887,John Harrison 
1887,1888,John Herzfeld
1888,1889,John Hodge
1889,1890,John Hopkins
1890,1891,John Hopkins 
1891,1892,John Houseman 
1892,1893,John Howlett
1893,1894,John Hubley
1894,1895,John Hughes
1895,1896,John Hughes 
1896,1897,John Huston
1897,1898,John Irving 
1898,1899,John J. Strauss 
1899,1900,John Jarrell
1900,1901,John Jay Osborn Jr.
1901,1902,John Kamps
1902,1903,John Katzenbach
1903,1904,John Kaye
1904,1905,John Kohn
1905,1906,John L. Balderston
1906,1907,John L. Balderston 
1907,1908,John L. Greene
1908,1909,John Lafia
1909,1910,John Lahr
1910,1911,John Landis
1911,1912,John Lasseter
1912,1913,John Lee Hancock
1913,1914,John Lee Mahin
1914,1915,John Leguizamo
1915,1916,John Logan
1916,1917,John Logan 
1917,1918,John Long
1918,1919,John Lurie
1919,1920,John Lutz
1920,1921,John Mankiewicz
1921,1922,John Mattson
1922,1923,John Maybury
1923,1924,John McNaughton
1924,1925,John Michael Hayes
1925,1926,John Milius
1926,1927,John Milius 
1927,1928,John Monk Saunders
1928,1929,John Mortimer
1929,1930,John Musker
1930,1931,John Norville
1931,1932,John OBrien
1932,1933,John OHara
1933,1934,John Osborne
1934,1935,John Palmer
1935,1936,John Patrick
1936,1937,John Patrick Shanley
1937,1938,John Paxton
1938,1939,John Payson 
1939,1940,John Pielmeier 
1940,1941,John Pogue
1941,1942,John Pomeroy
1942,1943,John Pound 
1943,1944,John Rice 
1944,1945,John Ridley
1945,1946,John Ridley 
1946,1947,John Roach
1947,1948,John Romano
1948,1949,John Sayles
1949,1950,John Sayles 
1950,1951,John Schlesinger
1951,1952,John Shirley
1952,1953,John Shirley 
1953,1954,John Singleton
1954,1955,John Singleton 
1955,1956,John Skipp
1956,1957,John Steakley
1957,1958,John Steinbeck
1958,1959,John Steppling
1959,1960,John Taintor Foote
1960,1961,John Taintor Foote 
1961,1962,John Thomas
1962,1963,John Thomas 
1963,1964,John Tobias
1964,1965,John Turturro
1965,1966,John Twist
1966,1967,John Van Druten
1967,1968,John W. Campbell Jr.
1968,1969,John W. Cunningham
1969,1970,John Wagner
1970,1971,John Wainwright
1971,1972,John Warren
1972,1973,John Waters
1973,1974,John Watson
1974,1975,John Wells
1975,1976,John Wexley
1976,1977,John Wilcox
1977,1978,John William Corrington
1978,1979,John Woo
1979,1980,John Wyndham
1980,1981,Johnston McCulley
1981,1982,Joie Lee 
1982,1983,Jon Ayre 
1983,1984,Jon Bernstein
1984,1985,Jon Blair
1985,1986,Jon Bogdanove
1986,1987,Jon Cryer
1987,1988,Jon Favreau
1988,1989,Jon Shear
1989,1990,Jonah Raskin
1990,1991,Jonas McCord
1991,1992,Jonas Pate
1992,1993,Jonathan Bond
1993,1994,Jonathan Brett
1994,1995,Jonathan Darby 
1995,1996,Jonathan Demme
1996,1997,Jonathan Hardy
1997,1998,Jonathan Harr
1998,1999,Jonathan Harvey
1999,2000,Jonathan Hensleigh
2000,2001,Jonathan Hensleigh 
2001,2002,Jonathan Lemkin
2002,2003,Jonathan Lynn 
2003,2004,Jonathan Marc Feldman
2004,2005,Jonathan Mostow 
2005,2006,Jonathan R. Betuel
2006,2007,Jonathan Roberts
2007,2008,Jonathan Swift
2008,2009,Jordan Katz
2009,2010,Jorge Guerricaechevarría
2010,2011,Jorge Guerricaechevarría 
2011,2012,Josann McGibbon
2012,2013,Josef Rusnak
2013,2014,Josep Llurba
2014,2015,Joseph Barbera
2015,2016,Joseph Carter
2016,2017,Joseph Conrad
2017,2018,Joseph D. Pistone
2018,2019,Joseph Green 
2019,2020,Joseph Kessel
2020,2021,Joseph Kesselring
2021,2022,Joseph L. Mankiewicz
2022,2023,Joseph L. McEveety
2023,2024,Joseph Olshan
2024,2025,Joseph Oriolo
2025,2026,Joseph Ruben
2026,2027,Joseph Stefano
2027,2028,Joseph Stinson
2028,2029,Joseph Tropiano
2029,2030,Joseph W. Savino
2030,2031,Josh Friedman
2031,2032,Josh McKinney
2032,2033,Josh Pate
2033,2034,Joshua Logan 
2034,2035,Joshua Michael Stern
2035,2036,Joshua Wexler
2036,2037,Josiane Balasko
2037,2038,Joss Whedon
2038,2039,José Luis Cuerda
2039,2040,Joyce Carol Oates
2040,2041,Joyce Hooper Corrington
2041,2042,Joyce Maynard
2042,2043,João Emanuel Carneiro
2043,2044,Judd Apatow
2044,2045,Judd Apatow 
2045,2046,Judi Ann Mason
2046,2047,Judith Guest
2047,2048,Judith Roberts
2048,2049,Judith Thurman
2049,2050,Judy Freudberg
2050,2051,Judy Freudberg 
2051,2052,Judy Morris
2052,2053,Jules Feiffer
2053,2054,Jules Furthman
2054,2055,Jules Verne
2055,2056,Jules Verne 
2056,2057,Julian Barry
2057,2058,Julian Mitchell
2058,2059,Julian Schnabel
2059,2060,Julian Zimet 
2060,2061,Julianna Lavin
2061,2062,Julie Hickson
2062,2063,Julie Hébert
2063,2064,Julie Talen
2064,2065,Julie Taymor
2065,2066,Julio Cortázar
2066,2067,Julio Medem
2067,2068,Julius J. Epstein
2068,2069,Jun Falkenstein
2069,2070,Jurek Becker
2070,2071,Justin Kerrigan
2071,2072,Jymn Magon 
2072,2073,Jörg Buttgereit
2073,2074,Jûzô Itami
2074,2075,Jürgen Büscher
2075,2076,Jürgen Egger
2076,2077,Kar-Wai Wong
2077,2078,Karen Blixen
2078,2079,Karen Croner
2079,2080,Karen Elise Baldwin
2080,2081,Karen Janszen
2081,2082,Karen Kelly
2082,2083,Karen McCullah
2083,2084,Karen Sprecher
2084,2085,Karey Kirkpatrick
2085,2086,Karin Howard
2086,2087,Karl Tunberg
2087,2088,Karyn Kusama
2088,2089,Kasi Lemmons
2089,2090,Kate Lanier
2090,2091,Katherine Reback 
2091,2092,Kathleen Rowell
2092,2093,Kathryn Bigelow
2093,2094,Kathy McWorter
2094,2095,Katja von Garnier
2095,2096,Katsuhiro Ôtomo 
2096,2097,Katt Shea
2097,2098,Kay Linaker
2098,2099,Kaylie Jones
2099,2100,Kazunori Itô
2100,2101,Kazuo Ishiguro
2101,2102,Keenen Ivory Wayans
2102,2103,Keisuke Kinoshita
2103,2104,Keith Critchlow
2104,2105,Keith Samples
2105,2106,Keith Walker
2106,2107,Keith Walker 
2107,2108,Keith Waterhouse 
2108,2109,Kelly Candaele
2109,2110,Kelly Hilaire
2110,2111,Kelly Ward 
2111,2112,Kely Lyons
2112,2113,Ken Anderson
2113,2114,Ken Anderson 
2114,2115,Ken Cromar
2115,2116,Ken Finkleman
2116,2117,Ken Gross
2117,2118,Ken Hammon
2118,2119,Ken Hixon
2119,2120,Ken Kaufman
2120,2121,Ken Kesey
2121,2122,Ken Kolb
2122,2123,Ken Levine
2123,2124,Ken Lipper
2124,2125,Ken Richards
2125,2126,Ken Russell
2126,2127,Ken Sanzel
2127,2128,Ken Scarborough
2128,2129,Ken Shadie
2129,2130,Ken Solarz
2130,2131,Ken Wheat
2131,2132,Ken Wheat 
2132,2133,Kenneth Branagh
2133,2134,Kenneth Earl
2134,2135,Kenneth Gamet 
2135,2136,Kenneth J. Hall
2136,2137,Kenneth Johnson
2137,2138,Kenneth Lonergan
2138,2139,Kenneth Lonergan 
2139,2140,Kenneth Ross
2140,2141,Kenneth S. Webb
2141,2142,Kenny Buford
2142,2143,Kenny Moore
2143,2144,Kevin Alyn Elders
2144,2145,Kevin Brodbin
2145,2146,Kevin DiCicco
2146,2147,Kevin Droney
2147,2148,Kevin Droney 
2148,2149,Kevin Eastman
2149,2150,Kevin Fox
2150,2151,Kevin Jarre
2151,2152,Kevin Jarre 
2152,2153,Kevin Jordan
2153,2154,Kevin McDonald
2154,2155,Kevin Meyer
2155,2156,Kevin Reynolds
2156,2157,Kevin Reynolds 
2157,2158,Kevin Smith
2158,2159,Kevin Wade
2159,2160,Kevin Williamson
2160,2161,Kevin Yagher
2161,2162,Kim Fuller
2162,2163,Kim Henkel
2163,2164,Kim Henkel 
2164,2165,Kim Krizan
2165,2166,Kim Wilson
2166,2167,Kimberly Peirce
2167,2168,Kirk DeMicco
2168,2169,Kirk Ellis
2169,2170,Kirk Jones
2170,2171,Kirk R. Thatcher
2171,2172,Kirsten Smith
2172,2173,Kit Hesketh-Harvey
2173,2174,Klaus Mann
2174,2175,Klaus Richter
2175,2176,Koan Hui
2176,2177,Kris Isacsson
2177,2178,Krzysztof Kieslowski
2178,2179,Krzysztof Piesiewicz
2179,2180,Kuki Gallmann
2180,2181,Kurt Luedtke
2181,2182,Kurt Neumann
2182,2183,Kurt Vonnegut Jr.
2183,2184,Kurt Wimmer
2184,2185,Kôji Wakamatsu
2185,2186,L. Frank Baum
2186,2187,L. Ron Hubbard
2187,2188,L.M. Kit Carson
2188,2189,Ladislas Farago
2189,2190,Lana Wachowski
2190,2191,Lana Wachowski 
2191,2192,Lance Mungia
2192,2193,Larry Beinhart
2193,2194,Larry Clark 
2194,2195,Larry Clemmons
2195,2196,Larry Cohen
2196,2197,Larry David
2197,2198,Larry Ferguson
2198,2199,Larry Forrester
2199,2200,Larry Gelbart
2200,2201,Larry Gross
2201,2202,Larry Karaszewski
2202,2203,Larry Levin
2203,2204,Larry Levinson
2204,2205,Larry McMurtry
2205,2206,Larry McMurtry 
2206,2207,Larry Rattner
2207,2208,Larry Wilson
2208,2209,Lars von Trier
2209,2210,Lasse Hallström
2210,2211,Laura Esquivel
2211,2212,Laura Jones
2212,2213,Laura Z. Hobson
2213,2214,Laura Ziskin
2214,2215,Laurence Coriat
2215,2216,Laurence Dworet
2216,2217,Laurence Olivier
2217,2218,Laurice Elehwany
2218,2219,Laurie Craig
2219,2220,Lawrence D. Cohen
2220,2221,Lawrence Edward Watkin
2221,2222,Lawrence Hauben
2222,2223,Lawrence J. Block
2223,2224,Lawrence Kasanoff
2224,2225,Lawrence Kasdan
2225,2226,Lawrence Konner
2226,2227,Lawrence Konner 
2227,2228,Lawrence L. Goldman
2228,2229,Lawrence Lasker
2229,2230,Lawrence Wright 
2230,2231,Le Ly Hayslip 
2231,2232,Lech Majewski
2232,2233,Lee Batchler 
2233,2234,Lee Blair 
2234,2235,Lee David Zlotoff
2235,2236,Lee Falk
2236,2237,Lee Kresel
2237,2238,Lee Reynolds
2238,2239,Lee Wai Yee
2239,2240,Leigh Brackett
2240,2241,Leigh Brown
2241,2242,Lem Dobbs
2242,2243,Len Blum
2243,2244,Len Blum  
2244,2245,Len Brown
2245,2246,Len Deighton
2246,2247,Len Wein 
2247,2248,Leo Benvenuti
2248,2249,Leo Garen
2249,2250,Leo Marks 
2250,2251,Leo McCarey
2251,2252,Leo McCarey 
2252,2253,Leo Rosten
2253,2254,Leo Townsend
2254,2255,Leon Abrams 
2255,2256,Leon Capetanos
2256,2257,Leon Gordon
2257,2258,Leonard Freeman
2258,2259,Leonard Gershe
2259,2260,Leonard Greenwood 
2260,2261,Leonard Nimoy
2261,2262,Leonard Schrader
2262,2263,Leonard Spigelgass
2263,2264,Leonardo Benvenuti
2264,2265,Leonardo Bercovici
2265,2266,Leopold Atlas
2266,2267,Leora Barish
2267,2268,Leos Carax
2268,2269,Leroy Douglas
2269,2270,Les Charles
2270,2271,Lesley McNeil
2271,2272,Leslie Bohem
2272,2273,Leslie Bricusse
2273,2274,Leslie Charteris
2274,2275,Leslie Cockburn
2275,2276,Leslie Dixon
2276,2277,Leslie Newman
2277,2278,Leslie Stevens
2278,2279,Lesser Samuels
2279,2280,Lew Wallace
2280,2281,Lewis Carroll
2281,2282,Lewis Colick
2282,2283,Lewis Colick 
2283,2284,Lewis Friedman
2284,2285,Lewis John Carlino
2285,2286,Lewis Meltzer
2286,2287,Lewis R. Foster
2287,2288,Lex Neal
2288,2289,Li Xiao
2289,2290,Lila Garrett
2290,2291,Liliana Cavani 
2291,2292,Lillie Hayward
2292,2293,Lilly Wachowski
2293,2294,Lilly Wachowski 
2294,2295,Lina Wertmüller
2295,2296,Lincoln Child
2296,2297,Lincoln Kirstein
2297,2298,Linda Palmer
2298,2299,Linda Remy
2299,2300,Linda Woolverton
2300,2301,Lionel Bart
2301,2302,Lionel White
2302,2303,Lisa Cholodenko
2303,2304,Lisa Loomer
2304,2305,Lloyd Alexander
2305,2306,Lloyd Fonvielle
2306,2307,Lloyd Kaufman
2307,2308,Lloyd Kaufman 
2308,2309,Lois Duncan
2309,2310,Lona Williams
2310,2311,Lord Byron 
2311,2312,Lorenzo Carcaterra
2312,2313,Lorenzo Semple Jr.
2313,2314,Lorne Cameron
2314,2315,Lorne Michaels
2315,2316,Lorraine Hansberry 
2316,2317,Lou Holtz Jr.
2317,2318,LouAnne Johnson
2318,2319,Louis Bromfield 
2319,2320,Louis Cha
2320,2321,Louis D. Lighton
2321,2322,Louis Gardel
2322,2323,Louis Garfinkle
2323,2324,Louis M. Heyward
2324,2325,Louis Nowra
2325,2326,Louis Sarecky 
2326,2327,Louis Venosta 
2327,2328,Louisa May Alcott
2328,2329,Louise Downe
2329,2330,Louise Fitzhugh
2330,2331,Louise J. Kaplan
2331,2332,Louise Simonson
2332,2333,Lourens van der Post
2333,2334,Lowell Cannon
2334,2335,Lowell Cunningham
2335,2336,Lowell Ganz
2336,2337,Lowell Ganz 
2337,2338,Lowell S. Hawley
2338,2339,Luc Besson
2339,2340,Luc Besson 
2340,2341,Luc Dardenne
2341,2342,Luciano Vincenzoni
2342,2343,Luciano Vincenzoni 
2343,2344,Lucille Fletcher
2344,2345,Ludwig Bemelmans
2345,2346,Luigi Bartolini
2346,2347,Luis Alcoriza
2347,2348,Luis Buñuel
2348,2349,Luis Puenzo
2349,2350,Luis Valdez
2350,2351,Lukas Heller
2351,2352,Lung Hsiao
2352,2353,Lynn Siefert
2353,2354,Lynn Siefert 
2354,2355,Lynne Reid Banks
2355,2356,M. Night Shyamalan
2356,2357,M.L. Kessler
2357,2358,MacKinlay Kantor
2358,2359,Macgregor Douglas
2359,2360,Maeve Binchy
2360,2361,Majid Majidi
2361,2362,Mala Sen 
2362,2363,Malcolm Bradbury
2363,2364,Malcolm Johnson
2364,2365,Malcolm MacRury
2365,2366,Malcolm Marmorstein
2366,2367,Malcolm McDowell 
2367,2368,Malcolm X
2368,2369,Malia Scotch Marmo
2369,2370,Manny Coto
2370,2371,Manuel Fidello
2371,2372,Manuel Rivas
2372,2373,Marc Behm
2373,2374,Marc Behm 
2374,2375,Marc Caro
2375,2376,Marc Lawrence
2376,2377,Marc Levin
2377,2378,Marc Meeks
2378,2379,Marc Norman
2379,2380,Marc Sedaka
2380,2381,Marc Silverstein
2381,2382,Marcel Beaulieu
2382,2383,Marcel Moussy 
2383,2384,Marcel Pagnol
2384,2385,Marcia Brandwynne
2385,2386,Marcos Bernstein
2386,2387,Mardi Rustam
2387,2388,Margaret Landon
2388,2389,Margaret Linden
2389,2390,Margaret Mitchell
2390,2391,Margaret Rosenthal
2391,2392,Margery Sharp
2392,2393,Marguerite Roberts
2393,2394,Maria Maggenti
2394,2395,Marie Belloc Lowndes 
2395,2396,Marie Brenner
2396,2397,Marie Pérennou
2397,2398,Marie Weiss 
2398,2399,Marilyn Goldin
2399,2400,Mario Puzo
2400,2401,Mario Puzo 
2401,2402,Mario Serandrei
2402,2403,Marion Parsonnet
2403,2404,Marjorie Schwartz Nielsen
2404,2405,Mark A.Z. Dippé
2405,2406,Mark Andrus 
2406,2407,Mark Bishop
2407,2408,Mark Brown 
2408,2409,Mark Childress 
2409,2410,Mark Christopher
2410,2411,Mark Crowdy 
2411,2412,Mark Dindal
2412,2413,Mark Feldberg
2413,2414,Mark Frost
2414,2415,Mark Geldman 
2415,2416,Mark H. Baker
2416,2417,Mark Handley 
2417,2418,Mark Haskell Smith
2418,2419,Mark Herman
2419,2420,Mark Illsley
2420,2421,Mark Kruger
2421,2422,Mark Lamprell
2422,2423,Mark Lee
2423,2424,Mark Levin 
2424,2425,Mark Lowell
2425,2426,Mark Magidson 
2426,2427,Mark Malone
2427,2428,Mark McCorkle
2428,2429,Mark Medoff
2429,2430,Mark Medoff 
2430,2431,Mark Miller
2431,2432,Mark Nutter
2432,2433,Mark Patrick Carducci 
2433,2434,Mark Pavia
2434,2435,Mark Peploe
2435,2436,Mark Polish
2436,2437,Mark Protosevich
2437,2438,Mark R. Burns
2438,2439,Mark Rosenthal
2439,2440,Mark Rosenthal 
2440,2441,Mark Rosner
2441,2442,Mark Rudnitsky
2442,2443,Mark Saltzman
2443,2444,Mark Schwahn
2444,2445,Mark Steven Johnson
2445,2446,Mark Steven Johnson 
2446,2447,Mark Thomas McGee
2447,2448,Mark Twain
2448,2449,Mark Verheiden
2449,2450,Mark Verheiden  
2450,2451,Mark Victor
2451,2452,Mark Young 
2452,2453,Marleen Gorris
2453,2454,Marlon Wayans
2454,2455,Marsha Norman 
2455,2456,Marshall Brickman
2456,2457,Martha Cheavens
2457,2458,Marti Leimbach
2458,2459,Martin Bergman
2459,2460,Martin Berkeley
2460,2461,Martin Davidson
2461,2462,Martin Donovan
2462,2463,Martin Duberman
2463,2464,Martin Kitrosser
2464,2465,Martin Kitrosser 
2465,2466,Martin Lawrence 
2466,2467,Martin Meader
2467,2468,Martin Pasko
2468,2469,Martin Rosen
2469,2470,Martin Scorsese
2470,2471,Martin Sherman
2471,2472,Martin Sherman 
2472,2473,Marty Jezer
2473,2474,Marty Kaplan
2474,2475,Marvin H. Albert 
2475,2476,Mary Chase 
2476,2477,Mary Hale
2477,2478,Mary Harron
2478,2479,Mary Norton
2479,2480,Mary Orr 
2480,2481,Mary Rodgers 
2481,2482,Mary Ruth Clarke 
2482,2483,Mary Shelley
2483,2484,Mary Sweeney
2484,2485,Masanori Hata
2485,2486,Masato Ide
2486,2487,Masayuki Suô
2487,2488,Masolino DAmico
2488,2489,Master P
2489,2490,Mateo Gil
2490,2491,Mathieu Kassovitz
2491,2492,Matt Damon
2492,2493,Matt George
2493,2494,Matt Greenberg
2494,2495,Matt Greenberg 
2495,2496,Matt Reeves
2496,2497,Matt Stone
2497,2498,Matthew Bright
2498,2499,Matthew Chapman
2499,2500,Matthew Jacobs
2500,2501,Matthew L. Healy
2501,2502,Matthew McDuffie
2502,2503,Matthew Robbins 
2503,2504,Matthew Stone
2504,2505,Maureen Mylander
2505,2506,Maurice Rapf
2506,2507,Maurice Walsh
2507,2508,Maurice Zimm
2508,2509,Max Apple  
2509,2510,Max D. Adams 
2510,2511,Max Evans
2511,2512,Max Färberböck
2512,2513,Max Schott
2513,2514,Maxwell Anderson
2514,2515,Maxwell Anderson 
2515,2516,Maxwell Shane
2516,2517,May Quigley
2517,2518,Meg Kasdan
2518,2519,Mel Brooks
2519,2520,Mel Dinelli
2520,2521,Mel Friedman
2521,2522,Mel Goldberg
2522,2523,Melchior Lengyel
2523,2524,Melissa Goddard
2524,2525,Melissa Mathison
2525,2526,Melvin Frank
2526,2527,Menno Meyjes
2527,2528,Merian C. Cooper
2528,2529,Merian C. Cooper 
2529,2530,Michael Allin
2530,2531,Michael Almereyda
2531,2532,Michael Auerbach
2532,2533,Michael Austin
2533,2534,Michael Backes
2534,2535,Michael Barrie
2535,2536,Michael Berry
2536,2537,Michael Blake 
2537,2538,Michael Bortman
2538,2539,Michael Brady
2539,2540,Michael Browning
2540,2541,Michael Burton
2541,2542,Michael Butler
2542,2543,Michael Chabon
2543,2544,Michael Cimino
2544,2545,Michael Colleary
2545,2546,Michael Corrente
2546,2547,Michael Crichton
2547,2548,Michael Crichton 
2548,2549,Michael Cristofer
2549,2550,Michael De Luca
2550,2551,Michael Elias
2551,2552,Michael Ende
2552,2553,Michael Endler
2553,2554,Michael Fallon
2554,2555,Michael Ferris
2555,2556,Michael France
2556,2557,Michael France 
2557,2558,Michael Frost Beckner
2558,2559,Michael G. Wilson
2559,2560,Michael Gaylin
2560,2561,Michael Goldenberg
2561,2562,Michael Grais
2562,2563,Michael Grant Jaffe
2563,2564,Michael Hastings
2564,2565,Michael Henry Brown
2565,2566,Michael Henry Brown 
2566,2567,Michael Herr
2567,2568,Michael Hertzberg
2568,2569,Michael Hirst
2569,2570,Michael Hitchcock
2570,2571,Michael Hoffman
2571,2572,Michael Holroyd
2572,2573,Michael Imperioli
2573,2574,Michael J. Nelson
2574,2575,Michael Jacobs
2575,2576,Michael Kalesniko
2576,2577,Michael Korda
2577,2578,Michael Kozoll
2578,2579,Michael Krueger
2579,2580,Michael Leeson
2580,2581,Michael Leeson 
2581,2582,Michael Mann
2582,2583,Michael McCullers
2583,2584,Michael McDowell
2584,2585,Michael McDowell 
2585,2586,Michael McGruther
2586,2587,Michael McKean
2587,2588,Michael McManus
2588,2589,Michael Miner
2589,2590,Michael Moore
2590,2591,Michael Nankin
2591,2592,Michael Nicholson
2592,2593,Michael ODonoghue
2593,2594,Michael Ondaatje
2594,2595,Michael Palin
2595,2596,Michael Palmer
2596,2597,Michael Part
2597,2598,Michael Piller 
2598,2599,Michael Polish
2599,2600,Michael Preminger
2600,2601,Michael Radford
2601,2602,Michael Ritchie
2602,2603,Michael Rymer
2603,2604,Michael S. Chernuchin
2604,2605,Michael S. Murphey
2605,2606,Michael Scheff
2606,2607,Michael Schiffer
2607,2608,Michael Schiffer 
2608,2609,Michael Scott Myers
2609,2610,Michael Seitzman
2610,2611,Michael Shaara
2611,2612,Michael Shoob
2612,2613,Michael Stewart
2613,2614,Michael Thomas
2614,2615,Michael Tolkin
2615,2616,Michael Tolkin 
2616,2617,Michael Traeger
2617,2618,Michael Turner
2618,2619,Michael V. Gazzo
2619,2620,Michael Varhol
2620,2621,Michael Vickerman
2621,2622,Michael Wilson
2622,2623,Michael Wilson 
2623,2624,Michael Winner
2624,2625,Michel Marriott
2625,2626,Michelangelo Antonioni 
2626,2627,Mick Garris 
2627,2628,Mickey Rose
2628,2629,Miguel Tejada-Flores
2629,2630,Mike Armstrong 
2630,2631,Mike Cerrone
2631,2632,Mike Cheda
2632,2633,Mike Figgis
2633,2634,Mike Hodges
2634,2635,Mike Judge
2635,2636,Mike Judge 
2636,2637,Mike Leigh
2637,2638,Mike Myers
2638,2639,Mike Reiss
2639,2640,Mike Richardson 
2640,2641,Mike Scott
2641,2642,Mike Werb
2642,2643,Mike White
2643,2644,Miklós László
2644,2645,Milan Kundera
2645,2646,Milcho Manchevski
2646,2647,Mildred Cram
2647,2648,Mildred Gordon
2648,2649,Mildred Gordon 
2649,2650,Miles Millar
2650,2651,Milton Wexler
2651,2652,Ming-liang Tsai
2652,2653,Mira Nair
2653,2654,Mira Robertson
2654,2655,Mitch Glazer
2655,2656,Mitch Markowitz
2656,2657,Mitchell Kapner
2657,2658,Mitchell Klebanoff
2658,2659,Mitchell Kriegman 
2659,2660,Mitchell Peck
2660,2661,Mogens Rukov
2661,2662,Molly Shannon
2662,2663,Mona Simpson
2663,2664,Monckton Hoffe
2664,2665,Moni Ovadia
2665,2666,Monica Mcgowan Johnson
2666,2667,Monte Merrick
2667,2668,Mordecai Richler
2668,2669,Morgan J. Freeman
2669,2670,Morgan Ward
2670,2671,Morrie Ryskind
2671,2672,Mort Abrahams
2672,2673,Mort Nathan
2673,2674,Mort Ransen
2674,2675,Morton Grant
2675,2676,Morton S. Fine
2676,2677,Moshé Mizrahi 
2677,2678,Moss Hart
2678,2679,Myles Berkowitz
2679,2680,Myles Connell
2680,2681,Myles Connolly 
2681,2682,Nadine Schiff
2682,2683,Nagisa Ôshima
2683,2684,Najeeb Mahfouz
2684,2685,Nancy Dowd
2685,2686,Nancy Meyers
2686,2687,Nancy Savoca
2687,2688,Naomi Foner
2688,2689,Nat Hiken
2689,2690,Nat Mauldin
2690,2691,Natalie Marcin
2691,2692,Nathaniel Hawthorne
2692,2693,Neal Brennan
2693,2694,Neal Israel
2694,2695,Neal Israel 
2695,2696,Neal Jimenez
2696,2697,Neal Marshall
2697,2698,Neal Marshall Stevens
2698,2699,Neal Purvis
2699,2700,Neal Purvis 
2700,2701,Ned Welsh
2701,2702,Nedrick Young 
2702,2703,Neil Cuthbert
2703,2704,Neil Gaiman
2704,2705,Neil Jordan
2705,2706,Neil LaBute
2706,2707,Neil LaBute 
2707,2708,Neil P. Varnick
2708,2709,Neil Paterson
2709,2710,Neil Simon
2710,2711,Neil Simon 
2711,2712,Neil Tolkin
2712,2713,Neill Barry
2713,2714,Nelson Algren
2714,2715,Nelson DeMille
2715,2716,Nelson Gidding
2716,2717,Nevil Shute
2717,2718,Newton Thornburg
2718,2719,Ni Zhen
2719,2720,Nicholas Conde
2720,2721,Nicholas Kazan
2721,2722,Nicholas Klein
2722,2723,Nicholas Meyer
2723,2724,Nicholas Meyer 
2724,2725,Nicholas Pileggi
2725,2726,Nicholas Pileggi 
2726,2727,Nicholas Ray
2727,2728,Nicholas Sparks
2728,2729,Nicholas St. John
2729,2730,Nick Castle
2730,2731,Nick Dear 
2731,2732,Nick Evans
2732,2733,Nick Gold
2733,2734,Nick Gomez 
2734,2735,Nick Grinde
2735,2736,Nick Hornby
2736,2737,Nick Hornby 
2737,2738,Nick Park
2738,2739,Nick Villiers 
2739,2740,Nicolas Roeg 
2740,2741,Nigel Kneale
2741,2742,Nigel Kneale 
2742,2743,Nikita Mikhalkov  
2743,2744,Nikolaj Frobenius
2744,2745,Nikolay Gogol
2745,2746,Nikos Kazantzakis
2746,2747,Nina Agadzhanova
2747,2748,Nina Wilcox Putnam
2748,2749,Niven Busch
2749,2750,Noah Baumbach
2750,2751,Noel Langley 
2751,2752,Noel S. Baker
2752,2753,Nona Tyson
2753,2754,Noni White
2754,2755,Nora Ephron
2755,2756,Nora Ephron 
2756,2757,Noreen Stone 
2757,2758,Norm Hiscock
2758,2759,Norm MacDonald
2759,2760,Norman Corwin
2760,2761,Norman Houston
2761,2762,Norman J. Grossfeld
2762,2763,Norman Krasna
2763,2764,Norman Maclean
2764,2765,Norman Panama
2765,2766,Norman Reilly Raine
2766,2767,Norman Snider
2767,2768,Norman Steinberg
2768,2769,Norman Wexler
2769,2770,Novalyne Price Ellis
2770,2771,Noël Coward  
2771,2772,Nunnally Johnson
2772,2773,O. Henry 
2773,2774,Ole Bornedal 
2774,2775,Oliver H.P. Garrett
2775,2776,Oliver H.P. Garrett 
2776,2777,Oliver Parker
2777,2778,Oliver Sacks
2778,2779,Oliver Stone
2779,2780,Olivia Goldsmith
2780,2781,Olivier Schatzky
2781,2782,Omar Khayyam 
2782,2783,Oren Aviv
2783,2784,Oreste Biancoli
2784,2785,Orson Welles
2785,2786,Orville H. Hampton
2786,2787,Oscar Brodney
2787,2788,Oscar Fraley
2788,2789,Oscar Hammerstein II
2789,2790,Oscar Saul
2790,2791,Oscar Wilde
2791,2792,Otto Binder 
2792,2793,Otto Englander
2793,2794,Otto Klement
2794,2795,Owen Wilson
2795,2796,P.F. Kluge
2796,2797,P.J. Hogan
2797,2798,P.J. ORourke
2798,2799,P.J. Wolfson
2799,2800,P.J. Wolfson 
2800,2801,P.L. Travers
2801,2802,PJ Torokvei
2802,2803,Paddy Chayefsky
2803,2804,Paddy Chayefsky 
2804,2805,Pam Brady
2805,2806,Pamela Gray
2806,2807,Pamela Wallace
2807,2808,Paris Qualles
2808,2809,Parker Bennett
2809,2810,Parviz Shahbazi
2810,2811,Pascal Bonitzer
2811,2812,Pascal Bruckner
2812,2813,Pascal Cousin 
2813,2814,Pat Barker
2814,2815,Pat Bermel
2815,2816,Pat Conroy
2816,2817,Pat Conroy 
2817,2818,Pat Hackett
2818,2819,Pat McCabe 
2819,2820,Pat Proft
2820,2821,Pat Proft 
2821,2822,Pat Verducci
2822,2823,Patch Adams
2823,2824,Patrice Chéreau
2824,2825,Patricia Herskovic
2825,2826,Patricia Highsmith
2826,2827,Patricia Louisianna Knop
2827,2828,Patricia Rozema
2828,2829,Patrick Aubrée
2829,2830,Patrick Braoudé
2830,2831,Patrick Dennis
2831,2832,Patrick Hamilton
2832,2833,Patrick J. Clifton
2833,2834,Patrick Kearney
2834,2835,Patrick Read Johnson
2835,2836,Patrick Sheane Duncan
2836,2837,Patrick Smith Kelly
2837,2838,Patrick Wilde 
2838,2839,Paul Aaron
2839,2840,Paul Attanasio
2840,2841,Paul Auster
2841,2842,Paul Auster 
2842,2843,Paul Bowles
2843,2844,Paul Brickhill
2844,2845,Paul Brickman
2845,2846,Paul De Meo 
2846,2847,Paul Dehn
2847,2848,Paul Dehn 
2848,2849,Paul Dini
2849,2850,Paul Gallico
2850,2851,Paul Guay
2851,2852,Paul Gégauff
2852,2853,Paul Harris Boardman
2853,2854,Paul Henning
2854,2855,Paul Hogan
2855,2856,Paul Hogan 
2856,2857,Paul Laverty
2857,2858,Paul Mason
2858,2859,Paul Mayersberg
2859,2860,Paul Michael Glaser
2860,2861,Paul Mones
2861,2862,Paul Morrissey
2862,2863,Paul Osborn
2863,2864,Paul Perez
2864,2865,Paul Quinn
2865,2866,Paul Reubens
2866,2867,Paul Rudnick
2867,2868,Paul Rudnick 
2868,2869,Paul Schrader
2869,2870,Paul Slansky 
2870,2871,Paul Sylbert
2871,2872,Paul Tamasy
2872,2873,Paul Theroux
2873,2874,Paul Thomas Anderson
2874,2875,Paul W. Cooper
2875,2876,Paul W.S. Anderson
2876,2877,Paul Weitz
2877,2878,Paul Williams
2878,2879,Paul Zindel
2879,2880,Paul Éluard 
2880,2881,Paula Gosling
2881,2882,Paula Milne
2882,2883,Pavel Taussig
2883,2884,Pedro Almodóvar
2884,2885,Pedro Almodóvar 
2885,2886,Peg Haller
2886,2887,Peggy Thompson
2887,2888,Peggy Webling
2888,2889,Pen Densham
2889,2890,Pen Densham 
2890,2891,Penelope Spheeris 
2891,2892,Perce Pearce 
2892,2893,Percy Bysshe Shelley 
2893,2894,Pericles Lewnes
2894,2895,Pete Docter
2895,2896,Pete Townshend
2896,2897,Peter Abrahams
2897,2898,Peter Asmussen
2898,2899,Peter Atkins
2899,2900,Peter Aykroyd
2900,2901,Peter Bakalian
2901,2902,Peter Barnes
2902,2903,Peter Barnes 
2903,2904,Peter Barsocchini 
2904,2905,Peter Bellwood
2905,2906,Peter Benchley
2906,2907,Peter Benchley 
2907,2908,Peter Berg
2908,2909,Peter Bogdanovich
2909,2910,Peter Brook
2910,2911,Peter Burchard
2911,2912,Peter Carey
2912,2913,Peter Crabbe 
2913,2914,Peter Dexter 
2914,2915,Peter Duncan
2915,2916,Peter Engelmann
2916,2917,Peter Farrelly
2917,2918,Peter Farrelly 
2918,2919,Peter Filardi
2919,2920,Peter Filardi 
2920,2921,Peter Fonda
2921,2922,Peter Gent 
2922,2923,Peter George
2923,2924,Peter George 
2924,2925,Peter Greenaway
2925,2926,Peter Handke
2926,2927,Peter Hedges
2927,2928,Peter Hedges 
2928,2929,Peter Howitt
2929,2930,Peter Hyams
2930,2931,Peter Høeg
2931,2932,Peter Jackson
2932,2933,Peter Kassovitz
2933,2934,Peter Krikes
2934,2935,Peter Laird
2935,2936,Peter Lord
2936,2937,Peter M. Lenkov
2937,2938,Peter M. Lenkov 
2938,2939,Peter Maas
2939,2940,Peter Rader
2940,2941,Peter S. Beagle
2941,2942,Peter S. Seaman
2942,2943,Peter Savage
2943,2944,Peter Shaffer 
2944,2945,Peter Steinfeld
2945,2946,Peter Stone
2946,2947,Peter Stone 
2947,2948,Peter Tolan
2948,2949,Peter Tolan 
2949,2950,Peter Ustinov
2950,2951,Peter Viertel
2951,2952,Peter Weir
2952,2953,Peter Wortmann
2953,2954,Peter Young
2954,2955,Phil Alden Robinson
2955,2956,Phil Alden Robinson 
2956,2957,Phil Beauman
2957,2958,Phil Dusenberry
2958,2959,Phil Hartman
2959,2960,Phil Joanou
2960,2961,Phil Reeves
2961,2962,Philip Barry
2962,2963,Philip Dunne
2963,2964,Philip Eisner
2964,2965,Philip G. Epstein
2965,2966,Philip Haas
2966,2967,Philip K. Dick
2967,2968,Philip K. Dick 
2968,2969,Philip Kaufman
2969,2970,Philip LaZebnik
2970,2971,Philip MacDonald
2971,2972,Philip Morton
2972,2973,Philip Rapp
2973,2974,Philip Yordan
2974,2975,Philippe Caland
2975,2976,Phillip Borsos
2976,2977,Phoef Sutton
2977,2978,Pi-ying Yang
2978,2979,Piero De Bernardi
2979,2980,Pierre Boileau
2980,2981,Pierre Boulle
2981,2982,Pierre Jolivet
2982,2983,Pierre Uytterhoeven
2983,2984,Piers Paul Read
2984,2985,Piers du Pré
2985,2986,Pik-Wah Lee 
2986,2987,Polly Platt
2987,2988,Preston A. Whitmore II
2988,2989,Preston Sturges
2989,2990,Preston Sturges 
2990,2991,Péter Dobai
2991,2992,Quentin Tarantino
2992,2993,R. Lee Fleming Jr.
2993,2994,R. Wright Campbell
2994,2995,R.A. Dick
2995,2996,R.C. Sherriff
2996,2997,R.J. Stewart
2997,2998,Rachel Talalay
2998,2999,Radu Mihaileanu
2999,3000,Rafael Azcona
3000,3001,Rafael Moreu
3001,3002,Rafael Yglesias
3002,3003,Rafael Yglesias 
3003,3004,Ralph Wright
3004,3005,Rama Laurie Stagner 
3005,3006,Ramón Menéndez
3006,3007,Ranald MacDougall
3007,3008,Ranald MacDougall 
3008,3009,Rand Ravich
3009,3010,Randal Kleiser
3010,3011,Randall Jahnson
3011,3012,Randall McCormick
3012,3013,Randall McCormick 
3013,3014,Randall Wallace
3014,3015,Randi Mayem Singer
3015,3016,Randy Feldman
3016,3017,Randy Kornfield
3017,3018,Randy Newman
3018,3019,Randy Shilts
3019,3020,Randy Sue Coburn
3020,3021,Ranjit Kapoor
3021,3022,Raoul Lévy
3022,3023,Ravel Centeno-Rodriguez
3023,3024,Ravi Deshpande
3024,3025,Ray Bradbury
3025,3026,Ray Bradbury 
3026,3027,Ray Cory Daniels
3027,3028,Ray Harryhausen
3028,3029,Ray Harryhausen 
3029,3030,Ray Loriga 
3030,3031,Raymond Cannon
3031,3032,Raymond Carver
3032,3033,Raymond Chandler
3033,3034,Raymond Cistheri
3034,3035,Raymond De Felitta
3035,3036,Raymond Queneau 
3036,3037,Raymond W. Thorp
3037,3038,Raynold Gideon
3038,3039,Rebecca Miller
3039,3040,Reggie Rock Bythewood
3040,3041,Reginald Hudlin
3041,3042,Reginald Rose 
3042,3043,Reidar Jönsson 
3043,3044,Reinhold Schünzel
3044,3045,René Clément
3045,3046,René Gainville
3046,3047,René Laloux
3047,3048,Reuben Bercovitch
3048,3049,Rex Carlton
3049,3050,Rhet Topham 
3050,3051,Ric Gibbs
3051,3052,Rich Eustis
3052,3053,Rich Wilkes
3053,3054,Richard Adams
3054,3055,Richard Beattie
3055,3056,Richard Bissell  
3056,3057,Richard Brooks
3057,3058,Richard Chapman 
3058,3059,Richard Collins
3059,3060,Richard Condon
3060,3061,Richard Condon 
3061,3062,Richard Conlin
3062,3063,Richard Connell
3063,3064,Richard Curtis
3064,3065,Richard Ellmann
3065,3066,Richard Epcar
3066,3067,Richard Eyre
3067,3068,Richard Fire
3068,3069,Richard Friedenberg
3069,3070,Richard Guay
3070,3071,Richard H. Landau
3071,3072,Richard Hatem
3072,3073,Richard Herley
3073,3074,Richard Holmes
3074,3075,Richard Jefferies
3075,3076,Richard Kwietniowski
3076,3077,Richard L. Breen
3077,3078,Richard LaGravenese
3078,3079,Richard LaGravenese 
3079,3080,Richard Lederer
3080,3081,Richard Levinson 
3081,3082,Richard Linklater
3082,3083,Richard Llewellyn
3083,3084,Richard Loncraine
3084,3085,Richard M. Sherman
3085,3086,Richard Maibaum
3086,3087,Richard Martin Stern
3087,3088,Richard Matheson
3088,3089,Richard Matheson 
3089,3090,Richard N. Goodwin
3090,3091,Richard OBrien 
3091,3092,Richard Outten
3092,3093,Richard P. Henrick
3093,3094,Richard Price
3094,3095,Richard Price 
3095,3096,Richard Reitinger
3096,3097,Richard Rich
3097,3098,Richard Robinson
3098,3099,Richard Rodgers
3099,3100,Richard Rothstein
3100,3101,Richard Rush
3101,3102,Richard Russo
3102,3103,Richard Rutowski
3103,3104,Richard Schayer
3104,3105,Richard Schenkman
3105,3106,Richard Siegel
3106,3107,Richard Stanley
3107,3108,Richard Vetere 
3108,3109,Richard W. Haines 
3109,3110,Richard Woodley
3110,3111,Rick Berman
3111,3112,Rick Castro
3112,3113,Rick Copp
3113,3114,Rick Dahl
3114,3115,Rick Famuyiwa 
3115,3116,Rick Friedberg
3116,3117,Rick Fry
3117,3118,Rick Jaffa
3118,3119,Rick Moody
3119,3120,Rick Moranis
3120,3121,Rick Parks
3121,3122,Rick Podell
3122,3123,Rick Ramage
3123,3124,Rick Seaman
3124,3125,Rick Siggelkow
3125,3126,Ricou Browning
3126,3127,Rika Takahashi 
3127,3128,Rikki Beadle Blair
3128,3129,Rita Hsiao
3129,3130,Rita M. Fink
3130,3131,Rita Mae Brown
3131,3132,Rita Rudner
3132,3133,Riwia Brown
3133,3134,Roald Dahl
3134,3135,Roald Dahl 
3135,3136,Rob Epstein
3136,3137,Rob Hedden
3137,3138,Rob Kerchner
3138,3139,Rob Schneider
3139,3140,Rob Thomas
3140,3141,Robb White
3141,3142,Robbie Fox
3142,3143,Robert A. Heinlein
3143,3144,Robert Alan Aurthur
3144,3145,Robert Altman
3145,3146,Robert B. Sherman
3146,3147,Robert B. Weide
3147,3148,Robert Bentley
3148,3149,Robert Benton
3149,3150,Robert Bloch
3150,3151,Robert Bolt
3151,3152,Robert Bolt 
3152,3153,Robert Buckner
3153,3154,Robert Bunker
3154,3155,Robert C. Jones
3155,3156,Robert C. O\Brien
3156,3157,Robert C. Thompson
3157,3158,Robert Carson 
3158,3159,Robert Caswell
3159,3160,Robert Conte
3160,3161,Robert Coover
3161,3162,Robert D. San Souci
3162,3163,Robert Daley
3163,3164,Robert Dillon
3164,3165,Robert Dillon 
3165,3166,Robert Duvall
3166,3167,Robert E. Howard
3167,3168,Robert E. Sherwood
3168,3169,Robert E. Thompson
3169,3170,Robert Engels
3170,3171,Robert Farrar 
3171,3172,Robert Garland
3172,3173,Robert Getchell
3173,3174,Robert Gittler
3174,3175,Robert Gordon
3175,3176,Robert Grasmere
3176,3177,Robert Guza Jr.
3177,3178,Robert Harling
3178,3179,Robert Harling 
3179,3180,Robert Hichens
3180,3181,Robert Hiltzik
3181,3182,Robert James Waller
3182,3183,Robert King
3183,3184,Robert Klane
3184,3185,Robert Kuhn
3185,3186,Robert Kurtzman
3186,3187,Robert L. Joseph
3187,3188,Robert L. Levy
3188,3189,Robert Lees
3189,3190,Robert Lence
3190,3191,Robert Lepage
3191,3192,Robert Lindsey
3192,3193,Robert LoCash
3193,3194,Robert Louis Stevenson
3194,3195,Robert M. Fresco 
3195,3196,Robert Malcolm Young
3196,3197,Robert Marasco
3197,3198,Robert Mark Kamen
3198,3199,Robert Mason
3199,3200,Robert Mundi
3200,3201,Robert Nathan
3201,3202,Robert Nelson Jacobs
3202,3203,Robert Nelson Jacobs 
3203,3204,Robert Penn Warren
3204,3205,Robert Presnell Sr.
3205,3206,Robert Pucci
3206,3207,Robert Ramsey
3207,3208,Robert Reneau
3208,3209,Robert Reneau 
3209,3210,Robert Riskin
3210,3211,Robert Rodat
3211,3212,Robert Rodriguez
3212,3213,Robert Rossen
3213,3214,Robert Roy Pool
3214,3215,Robert Sarno
3215,3216,Robert Sheckley
3216,3217,Robert Silverberg
3217,3218,Robert Siodmak
3218,3219,Robert T. Megginson
3219,3220,Robert Thoeren
3220,3221,Robert Towne
3221,3222,Robert Towne 
3222,3223,Robert Wade
3223,3224,Robert Wade 
3224,3225,Robert Wilder
3225,3226,Robert Wolterstorff
3226,3227,Robert Zappia 
3227,3228,Robert Zemeckis
3228,3229,Robert Zemeckis 
3229,3230,Roberto Benigni 
3230,3231,Robin Chapman
3231,3232,Robin Cook
3232,3233,Robin Driscoll
3233,3234,Robin Moore
3234,3235,Robin Schiff 
3235,3236,Robin Swicord
3236,3237,Rocco Simonelli
3237,3238,Rockne S. OBannon
3238,3239,Rod Amateau
3239,3240,Rod Lurie
3240,3241,Rod Serling
3241,3242,Roddy Doyle 
3242,3243,Roderick Thorp
3243,3244,Rodman Philbrick
3244,3245,Rodney Dangerfield
3245,3246,Rodney Patrick Vaccaro 
3246,3247,Roger Angell
3247,3248,Roger Avary
3248,3249,Roger Corman
3249,3250,Roger Kumble
3250,3251,Roger Rueff 
3251,3252,Roger Soffer
3252,3253,Roger Swaybill
3253,3254,Roger Towne
3254,3255,Roger Vadim
3255,3256,Roger Vadim 
3256,3257,Roger Waters 
3257,3258,Roland Emmerich
3258,3259,Roland Emmerich 
3259,3260,Roland Kibbee
3260,3261,Roland Topor
3261,3262,Romain Gary
3262,3263,Roman Polanski
3263,3264,Ron Clements
3264,3265,Ron Clements 
3265,3266,Ron Fricke  
3266,3267,Ron Howard
3267,3268,Ron Hutchinson
3268,3269,Ron Koslow 
3269,3270,Ron Kurz
3270,3271,Ron Milbauer
3271,3272,Ron Nyswaner
3272,3273,Ron Oliver
3273,3274,Ron Osborn
3274,3275,Ron Peer 
3275,3276,Ron Shelton
3276,3277,Ron Yanover
3277,3278,Rona Munro
3278,3279,Ronald Bass
3279,3280,Ronald Bass 
3280,3281,Ronald D. Moore
3281,3282,Ronald D. Moore 
3282,3283,Ronald Harwood
3283,3284,Ronald Kinnoch
3284,3285,Ronald Shusett
3285,3286,Ronald Shusett 
3286,3287,Ronan OLeary
3287,3288,Ronni Kern
3288,3289,Ronny Graham
3289,3290,Rosalie K. Fry
3290,3291,Rose Tremain
3291,3292,Rose Troche
3292,3293,Rosellen Brown
3293,3294,Rosemary Ritvo
3294,3295,Rospo Pallenberg
3295,3296,Rospo Pallenberg 
3296,3297,Ross Klavan
3297,3298,Ross LaManna 
3298,3299,Ross Thomas
3299,3300,Roswell Rogers
3300,3301,Rowan Atkinson
3301,3302,Rowdy Herrington
3302,3303,Rowland Leigh 
3303,3304,Roy Blount Jr.
3304,3305,Roy Chanslor
3305,3306,Roy Frumkes
3306,3307,Roy Huggins
3307,3308,Roy N. Sickner
3308,3309,Rubin \Hurricane\ Carter
3309,3310,Rudolph Grey
3310,3311,Rudy De Luca 
3311,3312,Rudy Dochtermann
3312,3313,Rudy Wurlitzer
3313,3314,Rudyard Kipling
3314,3315,Ruggero Maccari 
3315,3316,Rupert Walters
3316,3317,Russ Meyer
3317,3318,Russel Crouse
3318,3319,Russell Banks
3319,3320,Russell S. Hughes
3320,3321,Rustam Ibragimbekov 
3321,3322,Rusty Cundieff
3322,3323,Rusty Cundieff 
3323,3324,Ruth Prawer Jhabvala
3324,3325,Ruth Rose
3325,3326,Ryne Douglas Pearson
3326,3327,Ryûzô Kikushima
3327,3328,Rémy Belvaux 
3328,3329,S.E. Hinton
3329,3330,S.J. Perelman
3330,3331,S.L.A. Marshall
3331,3332,S.S. Field
3332,3333,S.S. Wilson
3333,3334,Sabi H. Shabtai
3334,3335,Sacha Gervasi
3335,3336,Sadayuki Murai
3336,3337,Sally Benson
3337,3338,Sally Potter
3338,3339,Sally Robinson
3339,3340,Sam Chaiton
3340,3341,Sam Hamm
3341,3342,Sam Hamm 
3342,3343,Sam Montgomery
3343,3344,Sam Peckinpah
3344,3345,Sam Raimi
3345,3346,Sam Shepard
3346,3347,Samantha Adams 
3347,3348,Samson Raphaelson
3348,3349,Samuel A. Taylor
3349,3350,Samuel A. Taylor 
3350,3351,Samuel Hoffenstein
3351,3352,Samuel Hopkins Adams
3352,3353,Samuel W. Taylor
3353,3354,Sandor Stern
3354,3355,Sandra Goldbacher
3355,3356,Sandy Kroopf
3356,3357,Sanford Sheldon
3357,3358,Santo Cilauro
3358,3359,Santosh Sivan 
3359,3360,Sara Bernstein 
3360,3361,Sara Parriott
3361,3362,Sarah Kernochan
3362,3363,Satoshi Tajiri
3363,3364,Satyajit Ray
3364,3365,Saul Turteltaub
3365,3366,Savage Steve Holland
3366,3367,Sax Rohmer
3367,3368,Scot Armstrong
3368,3369,Scott Alexander
3369,3370,Scott B. Smith 
3370,3371,Scott Darling
3371,3372,Scott Derrickson
3372,3373,Scott Frank
3373,3374,Scott Hicks
3374,3375,Scott McGehee
3375,3376,Scott McPherson 
3376,3377,Scott Myers
3377,3378,Scott Reynolds
3378,3379,Scott Rosenberg
3379,3380,Scott Sandin
3380,3381,Scott Silver
3381,3382,Scott Spencer
3382,3383,Scott Spiegel
3383,3384,Scott Yagemann
3384,3385,Sean Gullette 
3385,3386,Sean McNamara
3386,3387,Sean OByrne
3387,3388,Sean Penn
3388,3389,Sean S. Cunningham 
3389,3390,Sebastian Junger
3390,3391,See-Yuen Ng
3391,3392,Sei Shonagon
3392,3393,Selwyn Jepson
3393,3394,Selwyn Roberts
3394,3395,Senel Paz 
3395,3396,Serge Frydman 
3396,3397,Sergei M. Eisenstein 
3397,3398,Sergio Donati
3398,3399,Sergio Leone 
3399,3400,Seth Margolis
3400,3401,Seton I. Miller
3401,3402,Shana Larsen
3402,3403,Shane Black
3403,3404,Shane Black 
3404,3405,Shane Connaughton
3405,3406,Shane Connaughton 
3406,3407,Shane Salerno 
3407,3408,Shawn Schepps 
3408,3409,Shawn Wayans
3409,3410,Sheila Burnford
3410,3411,Sheila Gaffney
3411,3412,Shel Silverstein
3412,3413,Sheldon Currie
3413,3414,Sheldon Lettich
3414,3415,Sheldon Lettich 
3415,3416,Shell Danielson
3416,3417,Sherman Alexie 
3417,3418,Sherri Stoner
3418,3419,Sherry Mills
3419,3420,Sherwood Schwartz
3420,3421,Sheryl Leach 
3421,3422,Sheryl Longin
3422,3423,Shichirô Fukazawa
3423,3424,Shigeru Kayama
3424,3425,Shinichi Sekizawa
3425,3426,Shinobu Hashimoto
3426,3427,Shinya Tsukamoto
3427,3428,Shirley Jackson
3428,3429,Shirow Masamune
3429,3430,Shuki Levy
3430,3431,Sidney Buchman
3431,3432,Sidney Buchman 
3432,3433,Sidney Carroll
3433,3434,Sidney Gilliat
3434,3435,Sidney Gilliat 
3435,3436,Sidney Howard
3436,3437,Sidney J. Furie
3437,3438,Sidney Lumet
3438,3439,Silvio Horta
3439,3440,Simon Barry
3440,3441,Simon Beaufoy
3441,3442,Simon Michaël
3442,3443,Simon Moore
3443,3444,Simon Raven
3444,3445,Sjón
3445,3446,Sofia Coppola
3446,3447,Solveig Dommartin
3447,3448,Sonia Chernus
3448,3449,Spice Girls
3449,3450,Spike Lee
3450,3451,Stan Winston
3451,3452,Stanislaw Lem
3452,3453,Stanley Kubrick
3453,3454,Stanley Mann
3454,3455,Stanley R. Greenberg
3455,3456,Stanley Tong
3456,3457,Stanley Tucci
3457,3458,Stefan Ruzowitzky
3458,3459,Stefan Schwartz
3459,3460,Stefan Wul
3460,3461,Stella Gibbons
3461,3462,Steph Lady
3462,3463,Stephan Elliott
3463,3464,Stephen Berger
3464,3465,Stephen Carpenter
3465,3466,Stephen Chin
3466,3467,Stephen Curwick
3467,3468,Stephen Gaghan
3468,3469,Stephen Gyllenhaal 
3469,3470,Stephen Hauser
3470,3471,Stephen J. Rivele
3471,3472,Stephen Judson
3472,3473,Stephen Kay
3473,3474,Stephen King
3474,3475,Stephen King 
3475,3476,Stephen King  
3476,3477,Stephen Koepp
3477,3478,Stephen Levy
3478,3479,Stephen Mazur
3479,3480,Stephen McCauley
3480,3481,Stephen McPherson 
3481,3482,Stephen Metcalfe
3482,3483,Stephen Peters
3483,3484,Stephen Schiff
3484,3485,Stephen Sinclair 
3485,3486,Stephen Sommers
3486,3487,Stephen Sommers 
3487,3488,Stephen Verona
3488,3489,Stephen Volk
3489,3490,Stephen Ward
3490,3491,Stephen White
3491,3492,Steve Antin
3492,3493,Steve Barron
3493,3494,Steve Bing
3494,3495,Steve Bloom
3495,3496,Steve Buscemi
3496,3497,Steve Feke
3497,3498,Steve Franks 
3498,3499,Steve Gerber
3499,3500,Steve Gordon
3500,3501,Steve Haberman 
3501,3502,Steve Harvey
3502,3503,Steve Hulett
3503,3504,Steve James
3504,3505,Steve Kloves
3505,3506,Steve Koren
3506,3507,Steve Levitt
3507,3508,Steve LuKanic
3508,3509,Steve Martin
3509,3510,Steve Martin 
3510,3511,Steve Meerson
3511,3512,Steve Oedekerk
3512,3513,Steve Pink
3513,3514,Steve Rudnick
3514,3515,Steve Shagan
3515,3516,Steve Tesich
3516,3517,Steve Zacharias
3517,3518,Steven Alldredge
3518,3519,Steven Baigelman
3519,3520,Steven Brill
3520,3521,Steven Brill 
3521,3522,Steven E. Carr
3522,3523,Steven E. de Souza
3523,3524,Steven Haft
3524,3525,Steven Klein
3525,3526,Steven Lisberger 
3526,3527,Steven Martini 
3527,3528,Steven Nalevansky
3528,3529,Steven Paul
3529,3530,Steven Pressfield 
3530,3531,Steven Rogers
3531,3532,Steven Soderbergh
3532,3533,Steven Spielberg
3533,3534,Steven Spielberg 
3534,3535,Steven Zaillian
3535,3536,Stewart Stern
3536,3537,Stirling Silliphant
3537,3538,Stuart Blumberg
3538,3539,Stuart Gillard
3539,3540,Stuart Gordon
3540,3541,Sue Miller
3541,3542,Sui Lai Kang
3542,3543,Susan Gauthier
3543,3544,Susan McMartin
3544,3545,Susan Minot
3545,3546,Susan Shilliday
3546,3547,Susan Skoog
3547,3548,Susan Streitfeld
3548,3549,Susan Tarr
3549,3550,Susanna Kaysen
3550,3551,Susannah Grant
3551,3552,Suso Cecchi DAmico
3552,3553,Suzan-Lori Parks
3553,3554,Suzanne OMalley
3554,3555,Sy Bartlett
3555,3556,Sydney A. Glass
3556,3557,Sydney Boehm
3557,3558,Sydney Newman
3558,3559,Sylvester Stallone
3559,3560,Sylvie Bouchard
3560,3561,Sérgio Sant\Anna
3561,3562,T. Coraghessan Boyle
3562,3563,T.E. Lawrence
3563,3564,T.H. White
3564,3565,Tab Murphy
3565,3566,Tab Murphy 
3566,3567,Takao Okawara
3567,3568,Takashi Bufford
3568,3569,Takashi Bufford 
3569,3570,Takeo Murata
3570,3571,Takeshi Shudo
3571,3572,Talbot Jennings
3572,3573,Talking Heads
3573,3574,Tamar Simon Hoffs
3574,3575,Tamara Jenkins
3575,3576,Tang Han Mok
3576,3577,Ted Berman
3577,3578,Ted Elliott
3578,3579,Ted Elliott 
3579,3580,Ted Griffin
3580,3581,Ted Hughes
3581,3582,Ted Key
3582,3583,Ted Kotcheff
3583,3584,Ted Lewis
3584,3585,Ted Sears
3585,3586,Ted Sherdeman
3586,3587,Ted Tally
3587,3588,Teddy Chan
3588,3589,Tedi Sarafian
3589,3590,Telsche Boorman
3590,3591,Tennessee Williams
3591,3592,Tennessee Williams 
3592,3593,Terence H. Winkless
3593,3594,Terence Marsh
3594,3595,Terence Mulcahy
3595,3596,Terence Rattigan
3596,3597,Teresa Tucker-Davies
3597,3598,Terrel Seltzer
3598,3599,Terrence Malick
3599,3600,Terri Hughes Burton
3600,3601,Terry George
3601,3602,Terry Gilliam
3602,3603,Terry Hayes
3603,3604,Terry Hayes 
3604,3605,Terry Jones
3605,3606,Terry McMillan 
3606,3607,Terry Rossio
3607,3608,Terry Rossio 
3608,3609,Terry Runte
3609,3610,Terry Southern
3610,3611,Terry Swinton
3611,3612,Terry Turner
3612,3613,Tess Slesinger
3613,3614,The Who
3614,3615,Thea von Harbou
3615,3616,Thea von Harbou 
3616,3617,Theodore Dreiser
3617,3618,Theodore Simonson
3618,3619,Theodore St. John 
3619,3620,Theresa Connelly
3620,3621,Theresa Rebeck
3621,3622,Thierry Lhermitte
3622,3623,Thom Eberhardt
3623,3624,Thom Enriquez
3624,3625,Thomas Berger
3625,3626,Thomas De Quincey 
3626,3627,Thomas Hardy
3627,3628,Thomas Harris
3628,3629,Thomas Hedley Jr. 
3629,3630,Thomas Heggen 
3630,3631,Thomas Keneally
3631,3632,Thomas Malory
3632,3633,Thomas Meehan
3633,3634,Thomas Moore
3634,3635,Thomas N. Scortia
3635,3636,Thomas Narcejac
3636,3637,Thomas R. Wolfe
3637,3638,Thomas Rickman
3638,3639,Thomas Vinterberg 
3639,3640,Thomas W. Blackburn
3640,3641,Thornton Wilder
3641,3642,Thornton Wilder 
3642,3643,Tim Burns
3643,3644,Tim Burton
3644,3645,Tim Cahill
3645,3646,Tim Disney
3646,3647,Tim Herlihy
3647,3648,Tim Kazurinsky
3648,3649,Tim Kelleher
3649,3650,Tim McCanlies
3650,3651,Tim Metcalfe
3651,3652,Tim Metcalfe 
3652,3653,Tim Rice
3653,3654,Tim Robbins
3654,3655,Tim Sullivan
3655,3656,Timothy Harris
3656,3657,Timothy Linh Bui
3657,3658,Tina Andrews
3658,3659,Tiziano Sclavi
3659,3660,Tobe Hooper
3660,3661,Toby Emmerich
3661,3662,Tod Williams
3662,3663,Todd Alcott
3663,3664,Todd Boyd
3664,3665,Todd Graff
3665,3666,Todd Haynes
3666,3667,Todd Henschell
3667,3668,Todd McFarlane
3668,3669,Todd Phillips
3669,3670,Todd Robinson
3670,3671,Todd Solondz
3671,3672,Todd Stephens
3672,3673,Todd Strasser
3673,3674,Todd W. Langen
3674,3675,Tom Benedek
3675,3676,Tom Clancy
3676,3677,Tom Cruise
3677,3678,Tom Davis
3678,3679,Tom DeSanto
3679,3680,Tom DiCillo
3680,3681,Tom Epperson
3681,3682,Tom Gleisner
3682,3683,Tom Hanks
3683,3684,Tom Holland
3684,3685,Tom Jankiewicz 
3685,3686,Tom Lazarus 
3686,3687,Tom Mankiewicz
3687,3688,Tom Matthews 
3688,3689,Tom McLoughlin
3689,3690,Tom Musca
3690,3691,Tom Noonan 
3691,3692,Tom Nursall
3692,3693,Tom Patchett
3693,3694,Tom Patchett 
3694,3695,Tom Perrotta
3695,3696,Tom Robbins
3696,3697,Tom Ropelewski
3697,3698,Tom S. Parker
3698,3699,Tom S. Parker 
3699,3700,Tom Schulman
3700,3701,Tom Schulman 
3701,3702,Tom Shadyac
3702,3703,Tom Sherohman
3703,3704,Tom Stern
3704,3705,Tom Stoppard
3705,3706,Tom Tykwer
3706,3707,Tom Walmsley
3707,3708,Tom Wolfe
3708,3709,Tommy Chong
3709,3710,Tommy Lee Jones 
3710,3711,Tommy Lee Wallace
3711,3712,Tommy OHaver
3712,3713,Tommy Swerdlow
3713,3714,Tomás Gutiérrez Alea
3714,3715,Tong Su
3715,3716,Toni Morrison
3716,3717,Tonino Guerra
3717,3718,Tony Bui
3718,3719,Tony Geiss
3719,3720,Tony Geiss 
3720,3721,Tony Giglio
3721,3722,Tony Gilroy
3722,3723,Tony Griffin
3723,3724,Tony Grisoni
3724,3725,Tony Guma
3725,3726,Tony Hendra
3726,3727,Tony Hiles
3727,3728,Tony Kenrick
3728,3729,Tony Marchant
3729,3730,Tony Puryear 
3730,3731,Tony Randel
3731,3732,Tony Spiridakis
3732,3733,Tony Spiridakis 
3733,3734,Tori Tellem
3734,3735,Trace Beaulieu
3735,3736,Tracy Fraim
3736,3737,Trevor Bentham
3737,3738,Trevor Griffiths
3738,3739,Trevor Nunn
3739,3740,Trey Callaway
3740,3741,Trey Ellis
3741,3742,Trey Parker
3742,3743,Troy Byer
3743,3744,Troy Duffy
3744,3745,Troy Kennedy-Martin
3745,3746,Truman Capote
3746,3747,Tullio Pinelli
3747,3748,Tung Cho Joe Cheung
3748,3749,Tyger Williams 
3749,3750,Ub Iwerks
3750,3751,Ulrich Zieger 
3751,3752,Umberto Eco
3752,3753,Upton Sinclair
3753,3754,Ursula Curtiss
3754,3755,Uwe Wilhelm
3755,3756,Val Guest
3756,3757,Val Lewton
3757,3758,Valentine Davies
3758,3759,Valerie Breiman
3759,3760,Valerie Curtin
3760,3761,Valerie Martin
3761,3762,Vance Gerry
3762,3763,Vanna Paoli
3763,3764,Vardis Fisher
3764,3765,Vera Caspary
3765,3766,Vera Chapman
3766,3767,Vernon Harris
3767,3768,Vernon Lynch
3768,3769,Vicente Leñero
3769,3770,Vicki Baum
3770,3771,Vicki Polon
3771,3772,Victor Canning
3772,3773,Victor Colicchio
3773,3774,Victor Hugo
3774,3775,Victor Miller
3775,3776,Victor Miller 
3776,3777,Victor Nunez
3777,3778,Victor Salva
3778,3779,Victoria Foyt
3779,3780,Vijay Deveshwar
3780,3781,Vince Gilligan
3781,3782,Vince McKewin
3782,3783,Vincent Gallo 
3783,3784,Vincent Patrick
3784,3785,Vincent Patrick 
3785,3786,Vincent Ward
3786,3787,Vincent Ward 
3787,3788,Vincenzo Cerami 
3788,3789,Vincenzo Natali
3789,3790,Virginia Kellogg
3790,3791,Virginia Woolf
3791,3792,Vito Russo
3792,3793,Vladimir Arsenev
3793,3794,Vladimir Nabokov
3794,3795,Vladimir Nabokov 
3795,3796,Volker Schlöndorff
3796,3797,Vondie Curtis-Hall
3797,3798,Víctor Andrés Catena 
3798,3799,W. Peter Iliff
3799,3800,W. Somerset Maugham
3800,3801,W.D. Richter
3801,3802,W.H. Canaway
3802,3803,W.P. Kinsella
3803,3804,W.R. Burnett
3804,3805,Wajida Tabassum
3805,3806,Waldo Salt
3806,3807,Waldo Salt 
3807,3808,Wally Wood
3808,3809,Walon Green
3809,3810,Walon Green 
3810,3811,Walt Disney
3811,3812,Walter B. Gibson
3812,3813,Walter Donohue
3813,3814,Walter F. Parkes
3814,3815,Walter Ferris
3815,3816,Walter Hill
3816,3817,Walter Kelley
3817,3818,Walter Lord
3818,3819,Walter Mosley
3819,3820,Walter Murch
3820,3821,Walter Newman
3821,3822,Walter Reisch
3822,3823,Walter Salles
3823,3824,Walter Tevis
3824,3825,Walter Wager
3825,3826,Ward Greene
3826,3827,Warren Adler
3827,3828,Warren Beatty
3828,3829,Warren Beatty 
3829,3830,Warren Casey
3830,3831,Warren Lewis
3831,3832,Warren Murphy
3832,3833,Warren Skaaren
3833,3834,Washington Irving
3834,3835,Wataru Mimura
3835,3836,Wayne Allan Rice
3836,3837,Wayne Beach
3837,3838,Wayne Beach 
3838,3839,Wayne Powers
3839,3840,Wayne Smith
3840,3841,Wayne Wang
3841,3842,Webb Smith
3842,3843,Wei Lu
3843,3844,Wei Zhu
3844,3845,Wendell Mayes
3845,3846,Wendy Wasserstein
3846,3847,Werner Herzog
3847,3848,Wes Anderson
3848,3849,Wes Craven
3849,3850,Wes Craven  
3850,3851,Wesley Strick
3851,3852,Whit Masterson
3852,3853,Whit Stillman
3853,3854,Whitfield Cook
3854,3855,Whitley Strieber
3855,3856,Whitley Strieber 
3856,3857,Whitney Otto
3857,3858,Wilbert Awdry
3858,3859,Wilhelm Grimm
3859,3860,Will Ferrell
3860,3861,Will McRobb
3861,3862,Willard Carroll
3862,3863,Willard Huyck
3863,3864,William Absalom Drake 
3864,3865,William Anthony McGuire
3865,3866,William Archibald
3866,3867,William Asher
3867,3868,William Brookfield
3868,3869,William Broyles Jr.
3869,3870,William Cottrell
3870,3871,William D. Wittliff
3871,3872,William D. Wittliff 
3872,3873,William Davies
3873,3874,William Dear
3874,3875,William Diehl
3875,3876,William Douglas-Home 
3876,3877,William F. Nolan
3877,3878,William Faulkner
3878,3879,William Faulkner 
3879,3880,William Friedkin
3880,3881,William Gibson 
3881,3882,William Golding
3882,3883,William Goldman
3883,3884,William Goldman 
3884,3885,William Goodhart
3885,3886,William Gray
3886,3887,William Hanna
3887,3888,William Hjortsberg
3888,3889,William Hoffer
3889,3890,William Hurlbut 
3890,3891,William Inge
3891,3892,William Kelley 
3892,3893,William Kotzwinkle
3893,3894,William Link 
3894,3895,William M. Gaines
3895,3896,William M. Gaines 
3896,3897,William Makepeace Thackeray
3897,3898,William Malone
3898,3899,William March
3899,3900,William Mastrosimone
3900,3901,William Mastrosimone 
3901,3902,William N. Panzer
3902,3903,William Nicholson
3903,3904,William Nicholson 
3904,3905,William Norris
3905,3906,William Osborne
3906,3907,William P. McGivern
3907,3908,William Peter Blatty 
3908,3909,William Reilly
3909,3910,William Roberts
3910,3911,William Rose
3911,3912,William Sackheim
3912,3913,William Schifrin
3913,3914,William Shakespeare
3914,3915,William Shakespeare 
3915,3916,William Shatner
3916,3917,William Styron
3917,3918,William Trevor
3918,3919,William Tunberg
3919,3920,William Wharton
3920,3921,William Wisher
3921,3922,Willie Morris
3922,3923,Willis Hall 
3923,3924,Wim Wenders
3924,3925,Wim Wenders 
3925,3926,Winston Graham
3926,3927,Winston Groom
3927,3928,Winston Hibler
3928,3929,Wolf Rilla
3929,3930,Wolfgang Petersen
3930,3931,Woody Allen
3931,3932,Woody Gelman
3932,3933,Woody Guthrie
3933,3934,Wyllis Cooper
3934,3935,Xiangsheng Shi
3935,3936,Yan Mo
3936,3937,Yevgeni Petrov
3937,3938,Yi-chun Tsai
3938,3939,Yoshikazu Takeuchi
3939,3940,Yuriy Nagibin
3940,3941,Zak Penn
3941,3942,Zalman King
3942,3943,Zalman King 
3943,3944,Zdenek Mahler
3944,3945,Zdenek Sverák
3945,3946,Zeph E. Daniel
3946,3947,Ziggy Steinberg
3947,3948,Zoe Akins 
3948,3949,Zora Neale Hurston
3949,3950,Zoë Lund
3950,3951,Álex de la Iglesia
3951,3952,Æneas MacKenzie
3952,3953,Édouard Molinaro
3953,3954,Émile Gaudreault
3954,3955,Émile Zola
3955,3956,Éric Rohmer
3956,3957,Chris Fedak
3957,3958,Hussain Dalal
3958,3959,Abbas Dalal
3959,3960,Andrew Stevens
3960,3961,Gilles de Maistre
3961,3962,Eric Warren Singer
3962,3963,Dana Fox
3963,3964,Pat Casey 
3964,3965,Sai Madhav Burra
3965,3966,Colin Trevorrow 
3966,3967,Ivan Atkinson
3967,3968,Ligiah Villalobos
3968,3969,Josh Miller 
3969,3970,Jeremiah Kipp
3970,3971,Marn Davies
3971,3972,Vijayendra Prasad
3972,3973,Roseanne Liang
3973,3974,Emily Carmichael
3974,3975,Sam Walker
3975,3976,Tushar Hiranandani 
3976,3977,Oren Uziel
3977,3978,Tony Stone
3978,3979,John Whittington
3979,3980,John Rosenthal
3980,3981,Tasha Bhambra 
3981,3982,Etan Cohen
3982,3983,Eskil Vogt
3983,3984,Kate Dolan
3984,3985,Domee Shi
3985,3986,Chris Sparling
3986,3987,Prune de Maistre 
3987,3988,Madhan Karky
3988,3989,Julia Cho
3989,3990,Aaron Blabey
3990,3991,Trivikram Srinivas 
3991,3992,Dawn Bursteen
3992,3993,Jason Gruich
3993,3994,Matt Sazama 
3994,3995,Lars Andreas Pedersen
3995,3996,Sachy
3996,3997,Adam Nee
3997,3998,Brian Skiba
3998,3999,Robert Eggers
3999,4000,Meghan Leon
4000,4001,Hilary Winston
4001,4002,Sarah Streicher
4002,4003,J.P. Davis
4003,4004,Laurits Munch-Petersen
4004,4005,Joachim Trier
4005,4006,Casey DeVargas
4006,4007,Roy Thomas
4007,4008,Derek Connolly
4008,4009,Brandon Burrows
4009,4010,Jared Stern
4010,4011,Alan Resnick
4011,4012,Sparsh Khetarpal 
4012,4013,J.K. Rowling 
4013,4014,Max Landis
4014,4015,Burk Sharpless 
4015,4016,Gaddy Davis
4016,4017,R.J. Murugan
4017,4018,Mostafa Hamdy
4018,4019,Mark Williams
4019,4020,Bill Finger
4020,4021,Michael Green
4021,4022,Matt Holloway
4022,4023,James Vanderbilt
4023,4024,Amal Neerad
4024,4025,Nagraj Manjule  
4025,4026,Guy Busick
4026,4027,Youssef Emad
4027,4028,Nick May
4028,4029,Ravishankar P.T.
4029,4030,Domee Shi 
4030,4031,Peter Craig
4031,4032,Art Marcum
4032,4033,Brandon Reavis
4033,4034,Rafe Judkins 
4034,4035,Ahmed Mohamed Salem
4035,4036,Agatha Christie
4036,4037,Julia Cho 
4037,4038,Le-Van Kiet
4038,4039,Harper Dill
4039,4040,Tami Sagher
4040,4041,John Rogers
4041,4042,Yoni Brenner
