writer_id,writer
1,A L Katz
2,A.A. Milne
3,A.B. Guthrie Jr.
4,A.E. Hotchner
5,A.S. Byatt
6,Aaron Latham
7,Aaron Mendelsohn
8,Aaron Seltzer 
9,Aaron Sorkin
10,Aaron Sorkin 
11,Abbas Kiarostami
12,Abbe Wool
13,Abbie Hoffman
14,Abby Kohn
15,Abe Burrows
16,Abel Ferrara
17,Adam Brooks
18,Adam Fields
19,Adam Herz
20,Adam Larson Broder
21,Adam Leff
22,Adam Oliensis
23,Adam Resnick 
24,Adam Rifkin
25,Adam Sandler
26,Adam Scheinman
27,Adam Simon
28,Adi Hasak
29,Adolph Green
30,Adolph Green 
31,Adrian Hodges
32,Adriano Bolzoni
33,Agenore Incrocci
34,Agnieszka Holland
35,Agnès Varda
36,Akira Kurosawa
37,Akira Kurosawa 
38,Akira Murao
39,Akiva Goldsman
40,Akiyoshi Hongo
41,Akosua Busia
42,Al Boasberg
43,Al Feldstein 
44,Al Franken
45,Al Franken 
46,Al Jean
47,Al Pacino
48,Al Plastino 
49,Al Stump 
50,Al Williams
51,Aladar Laszlo 
52,Alain Berliner 
53,Alan B. McElroy 
54,Alan Ball
55,Alan Bennett
56,Alan Bennett 
57,Alan Burnett 
58,Alan Campbell
59,Alan Dean Foster
60,Alan Duff
61,Alan J. Adler
62,Alan J. Pakula
63,Alan Jacobs
64,Alan Jay Lerner
65,Alan Jay Lerner 
66,Alan Le May
67,Alan Martin
68,Alan Ormsby
69,Alan Parker
70,Alan Paton
71,Alan Plater
72,Alan Rudolph
73,Alan Rudolph 
74,Alan Shapiro
75,Alan Sharp
76,Alan Swyer
77,Alan Trustman
78,Alan Zweibel
79,Alan Zweibel 
80,Alanna Nash 
81,Albert Ash
82,Albert Brooks
83,Albert Hackett
84,Albert Hughes
85,Albert Husson 
86,Albert Lewin
87,Albert Mannheimer
88,Albert S. Ruddy
89,Alberto Moravia
90,Alec Coppel
91,Alec Coppel 
92,Alec Sokolow
93,Alejandro Amenábar
94,Aleksandr Misharin
95,Aleksei Tolstoy
96,Alessandro Baricco
97,Alex Cox
98,Alex Garland
99,Alex Gordon
100,Alex Haley
101,Alex Proyas 
102,Alexander Key
103,Alexander Korda 
104,Alexander Payne
105,Alexander Stuart 
106,Alexandra Seros
107,Alexandre Breffort
108,Alexandre Dumas
109,Alexandre Machado
110,Alexandre Rockwell
111,Alfred Gough
112,Alfred Hitchcock
113,Alfred Hitchcock 
114,Alfred Sole
115,Alfred Uhry 
116,Alice Hoffman
117,Alice Walker
118,Aline Brosh McKenna
119,Alison Bagnall
120,Alison Cross
121,Alistair MacLean
122,Allan A. Goldstein 
123,Allan Moyle
124,Allan Scott
125,Allan Scott 
126,Allan Weiss
127,Allen Adler
128,Allen Hughes
129,Allison Anders
130,Allison Burnett
131,Alma Reville
132,Alun Owen
133,Alvin L. Fast
134,Alvin Sargent
135,Amanda Silver
136,Amy Heckerling
137,Amy Holden Jones
138,Amy Schor Ferris
139,Amy Tan 
140,Ana Kokkinos
141,Anaïs Nin
142,Andre Gregory
143,Andrei Tarkovsky
144,Andrei Tarkovsky 
145,Andrew Bergman
146,Andrew Bergman 
147,Andrew Birkin
148,Andrew Bovell
149,Andrew Cockburn
150,Andrew Davies
151,Andrew Davis 
152,Andrew Fleming
153,Andrew Kevin Walker
154,Andrew Kevin Walker 
155,Andrew Klavan
156,Andrew Kurtzman
157,Andrew Lowery
158,Andrew Miller
159,Andrew Neiderman
160,Andrew Niccol
161,Andrew Scheinman
162,Andrew Smith 
163,Andrew Stanton 
164,Andrew Stern
165,Andrew W. Marlowe
166,Andrew W. Marlowe 
167,Andrzej Zulawski  
168,André Bijelic
169,André Bonzel
170,André Cayatte
171,André Téchiné
172,Andrée Corbiau  
173,Andy Bienen
174,Andy Breckman
175,Andy Breckman 
176,Andy Burg
177,Andy Heyward
178,Andy Lewis
179,Andy Rose
180,Andy Ruben
181,Andy Tennant
182,Ang Lee
183,Angela Shelton 
184,Angelo Pizzo
185,Angus MacPhail
186,Anita Hoffman
187,Anita Loos
188,Ann Biderman
189,Ann Lembeck
190,Ann M. Martin
191,Anna Alice Chapin 
192,Anna Campion
193,Anna Leonowens
194,Anna Quindlen
195,Anna Sewell
196,Anna Thomas
197,Anne Fine
198,Anne Frank
199,Anne Holden
200,Anne Meredith
201,Anne Rapp
202,Anne Rice
203,Anne Rice 
204,Anne Settimó 
205,Anne Spielberg
206,Anne-Marie Martin
207,Anthony Abrams
208,Anthony Burgess
209,Anthony E. Pratt 
210,Anthony Fingleton
211,Anthony Havelock-Allan
212,Anthony Minghella
213,Anthony Shaffer
214,Anthony Waller
215,Anton Chekhov
216,Antonio Skármeta
217,Antonio Toro
218,Ariel Dorfman 
219,Arkadiy Strugatskiy 
220,Arleen Sorkin 
221,Arlene Klasky
222,Arlene Sarner
223,Arlette Langmann
224,Arnaud dUsseau
225,Arne Olsen
226,Arne Olsen 
227,Arne Schmidt
228,Arnold B. Armstrong
229,Arnold Perl
230,Arnold Schulman
231,Arseniy Tarkovskiy 
232,Art Edler Brown
233,Arthur A. Ross
234,Arthur A. Ross 
235,Arthur Alsberg
236,Arthur C. Clarke
237,Arthur C. Clarke 
238,Arthur Conan Doyle
239,Arthur Conan Doyle 
240,Arthur Hailey
241,Arthur La Bern
242,Arthur Laurents
243,Arthur Miller 
244,Arthur Rankin Jr.
245,Arthur Schnitzler
246,Arthur Silver
247,Arthur Weiss
248,Arthur Wimperis
249,Arturo Pérez-Reverte
250,Ash Brannon
251,Atom Egoyan
252,Audrey Wells
253,August Strindberg
254,Avery Corman
255,Ayub Khan-Din 
256,Aída Bortnik
257,B. Traven
258,Babaloo Mandel
259,Babaloo Mandel 
260,Barbara Alberti 
261,Barbara Benedek
262,Barbara Benedek 
263,Barbara Shulgasser
264,Barbara Turner
265,Barbara Williams 
266,Bari Wood
267,Barry Berman 
268,Barry Fanaro
269,Barry Gifford
270,Barry Glasser
271,Barry Healey
272,Barry Levinson
273,Barry Michael Cooper
274,Barry Morrow 
275,Barry Reed
276,Barry Strugatz
277,Barry Trivers
278,Barry W. Blaustein
279,Barry W. Blaustein 
280,Barry Wong
281,Barré Lyndon
282,Bart Freundlich
283,Baz Luhrmann
284,Baz Luhrmann  
285,Becky Johnston
286,Belinda Haas
287,Ben Affleck
288,Ben Edlund
289,Ben Hecht
290,Ben Hecht 
291,Ben Maddow
292,Ben Ramsey
293,Ben Roberts
294,Ben Stahl
295,Ben Taylor
296,Ben Vaughn
297,Ben Younger
298,Benjamin Glazer
299,Benjamin Ross
300,Benjamin Ruffner
301,Benn W. Levy
302,Bennett Yellin
303,Benny Medina
304,Benoît Poelvoorde
305,Bentley Kyle Evans
306,Berkely Mather
307,Bernard Malamud
308,Bernard Rose
309,Bernard Schubert
310,Bernardo Bertolucci
311,Bernice Rubens
312,Bernie Kahn
313,Bernie Somers
314,Bernie Wrightson 
315,Bertolt Brecht 
316,Beryl Bainbridge
317,Bess Meredyth
318,Beth Henley 
319,Betty Comden
320,Betty Comden 
321,Beverley Cross 
322,Bibhutibhushan Bandyopadhyay
323,Bill Condon
324,Bill Forsyth
325,Bill Geddie
326,Bill Kelly 
327,Bill Lancaster
328,Bill Lishman
329,Bill Martin
330,Bill Murray
331,Bill Peet
332,Bill Phillips
333,Bill Richmond
334,Bill Svanoe
335,Bill Tennant
336,Bill Walsh
337,Bille August
338,Billie Letts
339,Billy Bob Thornton
340,Billy Bob Thornton 
341,Billy Crystal
342,Billy Hayes
343,Billy MacKinnon
344,Billy Ray
345,Billy Ray 
346,Billy Wilder
347,Blake Edwards
348,Blake Snyder
349,Bo Berkman
350,Bo Dietl
351,Bo Goldman
352,Boaz Yakin
353,Bob Baker
354,Bob Barbash
355,Bob Brunner
356,Bob Buchholz 
357,Bob Burden
358,Bob Clark
359,Bob Dolman
360,Bob Dolman 
361,Bob Ducsay
362,Bob Fosse
363,Bob Gale
364,Bob Gale  
365,Bob Israel
366,Bob Kane
367,Bob Logan
368,Bob Mosher
369,Bob Rafelson
370,Bob Schneider
371,Bob Schooley
372,Bob Sheridan
373,Bob Tzudiker
374,Bobby Farrelly
375,Bobby Herbeck 
376,Bobby Smith Jr.
377,Bobcat Goldthwait
378,Bonnie Hunt 
379,Bonnie MacBird
380,Bonnie Turner
381,Borden Chase 
382,Boris Pasternak
383,Boris Strugatskiy 
384,Boyd Hale
385,Brad Bird 
386,Brad Fraser 
387,Brad Mirman
388,Brad Mirman 
389,Bram Stoker
390,Bram Stoker 
391,Brandon Boyce
392,Brandon Cole 
393,Brannon Braga
394,Brannon Braga 
395,Brasse Brännström
396,Brenda Chapman
397,Brenda Weisberg
398,Brent Forrester
399,Brent Maddock 
400,Bret Easton Ellis
401,Brett Hogan
402,Brett Leonard
403,Brian Clemens 
404,Brian De Palma
405,Brian Doyle-Murray
406,Brian E. ONeal 
407,Brian Garfield
408,Brian Grazer
409,Brian Hannant
410,Brian Helgeland
411,Brian Helgeland 
412,Brian Koppelman
413,Brian Levant
414,Brian McEntee
415,Brian McKay
416,Brian Moore
417,Brian Mulroney
418,Brian Nissen 
419,Brian Peterson
420,Brian Pimental 
421,Brian Sibley
422,Brian Taggert
423,Brian Yuzna
424,Britt Allcroft
425,Bronte Woodard
426,Bruce A. Evans
427,Bruce Beresford
428,Bruce Brown
429,Bruce Feirstein
430,Bruce Geller
431,Bruce Graham
432,Bruce Howard
433,Bruce Jay Friedman 
434,Bruce Joel Rubin
435,Bruce Kimmel
436,Bruce La Bruce
437,Bruce McCulloch
438,Bruce Robinson
439,Bruce Wagner 
440,Bruno Bianchi
441,Bryan Forbes
442,Bryan Goluboff
443,Bryan Gordon
444,Bryan Singer
445,Buck Henry
446,Budd Schulberg 
447,Buddy Johnson
448,Buddy Ruskin
449,Buster Keaton
450,Byron Kennedy
451,Byron Kennedy 
452,Byron Simpson
453,Béla Balázs
454,C. Courtney Joyner
455,C.J. Koch 
456,C.M. Talkington
457,C.S. Forester
458,Calder Willingham
459,Callie Khouri
460,Cameron Crowe
461,Cameron Crowe 
462,Carey Wilson
463,Carl Binder
464,Carl Foreman
465,Carl Foreman 
466,Carl Franklin
467,Carl Gottlieb
468,Carl Gottlieb 
469,Carl Hiaasen
470,Carl Kurlander
471,Carl Reiner
472,Carl Sagan 
473,Carl V. Dupré
474,Carlo Carlei
475,Carlo Collodi
476,Carlos Davis
477,Carlos Ezquerra
478,Carlos Saura
479,Carol Black
480,Carol Frank
481,Carol Heikkinen
482,Carol Sobieski
483,Carol Watson
484,Carole Eastman 
485,Caroline Thompson
486,Caroline Thompson 
487,Carrie Mungo
488,Casey Robinson
489,Catherine Breillat
490,Catherine Cohen
491,Catherine Cyran
492,Cathleen Schine
493,Cathy Cash Spellman
494,Cedric the Entertainer
495,Cesare Zavattini 
496,Charles Addams
497,Charles B. Griffith
498,Charles Band
499,Charles Beaumont
500,Charles Bennett
501,Charles Brackett
502,Charles Burnett
503,Charles Chaplin
504,Charles Chaplin 
505,Charles Crichton
506,Charles Dickens
507,Charles Dickens 
508,Charles Edward Pogue
509,Charles Edward Pogue 
510,Charles F. Shelton
511,Charles Finch
512,Charles Fuller 
513,Charles Gieg Jr.
514,Charles Leavitt
515,Charles Lederer
516,Charles MacArthur
517,Charles McKeown
518,Charles Perrault
519,Charles Portis
520,Charles R. Jackson
521,Charles S. Haas
522,Charles S. Haas 
523,Charles Shyer
524,Charles Spaak
525,Charles Swenson
526,Charles W. Bailey II
527,Charles Webb
528,Charles Williams
529,Charles Williams 
530,Charles Wood
531,Charlie Fletcher
532,Charlie Kaufman
533,Charlie Murphy 
534,Charlie Peters
535,Charlotte Brontë
536,Chazz Palminteri 
537,Cheech Marin
538,Chester Gould
539,Chet Raymo 
540,Cheuk-Hon Szeto
541,Chi Muoi Lo
542,Chip Johannessen
543,Chloe King
544,Choderlos de Laclos
545,Chris Brancato
546,Chris Carter 
547,Chris Columbus
548,Chris Conkling
549,Chris Conrad
550,Chris Crutcher
551,Chris Elliott
552,Chris Hauty
553,Chris Hudson
554,Chris Kattan
555,Chris Marker
556,Chris Matheson
557,Chris Miller
558,Chris Miller 
559,Chris Noonan
560,Chris Radant
561,Chris Roberts 
562,Chris Sanders
563,Chris Soth
564,Chris Vander Stappen  
565,Chris Viscardi
566,Chris Warner
567,Chris Weitz
568,Christian Clavier
569,Christian Ford
570,Christian Forte
571,Christina Crawford
572,Christine Bell
573,Christoph Fromm
574,Christopher Bertolini
575,Christopher Bram
576,Christopher Cosby
577,Christopher Crowe
578,Christopher De Vore
579,Christopher DeFaria
580,Christopher Guest
581,Christopher Hampton
582,Christopher Hampton 
583,Christopher Isherwood
584,Christopher Landon
585,Christopher Leitch
586,Christopher McQuarrie
587,Christopher Monger
588,Christopher Nolan
589,Christopher Reeve
590,Christopher Robbins
591,Christopher Scott Cherot
592,Christopher Wilkinson
593,Christopher Wood
594,Christy Brown
595,Chuck Palahniuk
596,Chuck Pfarrer
597,Chuck Pfarrer 
598,Chuck Russell
599,Cinqué Lee
600,Clare Boothe Luce
601,Clare Peploe
602,Clark Gregg 
603,Clark Walker
604,Claud Cockburn
605,Claude Anet
606,Claude Berri
607,Claude Berri 
608,Claude Binyon
609,Claude Kerven
610,Claude Lelouch
611,Claude Miller
612,Claude Nuridsany
613,Claude Stanush 
614,Claude Zidi
615,Claudine West
616,Clay Ayers
617,Clemence Randolph
618,Cleveland ONeal III
619,Cliff Gardner
620,Cliff Green
621,Cliff Ruby
622,Clifford Green
623,Clifton L. Taulbert
624,Clive Barker
625,Clive Barker 
626,Clive Exton
627,Clyde Bruckman
628,Clyde Hayes
629,Colby Carr
630,Colette
631,Colin Higgins
632,Colin Quinn
633,Colin Welland
634,Colin Wilson
635,Collier Young
636,Conor McPherson
637,Constantine Nasr
638,Corey Allen
639,Corey Blechman
640,Corey Mandell
641,Cornelius Ryan 
642,Cornell Woolrich
643,Costa Dillon
644,Craig Bolotin 
645,Craig Ferguson
646,Craig Lucas
647,Craig Mazin
648,Craig Mazin 
649,Craig Pearce
650,Craig Spector
651,Crane Wilbur 
652,Curt Siodmak
653,Curtis Hanson
654,Cyril Hume
655,Cyrus Voris
656,Czenzi Ormonde
657,Cédric Klapisch
658,D.B. Wyndham-Lewis
659,D.L. Hughley
660,D.M. Marshman Jr.
661,D.V. DeVincentis
662,DJ Pooh
663,Daisy von Scherler Mayer 
664,Dale Launer
665,Dalene Young
666,Dalton S. Reymond 
667,Dalton Trumbo
668,Dalton Trumbo  
669,Damon Runyon
670,Dan Aykroyd
671,Dan Curtis
672,Dan Gilroy
673,Dan Gordon
674,Dan Greenburg
675,Dan Greenburg 
676,Dan OBannon
677,Dan OBannon 
678,Dan OBannon  
679,Dan Rosen
680,Dana Olsen
681,Dana Olsen 
682,Dana Stevens
683,Daniel Chuba
684,Daniel Defoe
685,Daniel F. Galouye
686,Daniel Farrands
687,Daniel Fuchs
688,Daniel G. Sullivan
689,Daniel Goldberg
690,Daniel Goldberg  
691,Daniel Mainwaring
692,Daniel Mainwaring 
693,Daniel Myrick
694,Daniel Odier
695,Daniel P. Mannix
696,Daniel Petrie Jr.
697,Daniel Pyne
698,Daniel Quinn 
699,Daniel Reitz 
700,Daniel Taradash
701,Daniel Vigne
702,Daniel Waters
703,Daniel Waters 
704,Daniel Woodrell
705,Daniel Yost
706,Danielle Alexandra 
707,Danilo Bach
708,Danièle Thompson 
709,Danny Bilson 
710,Danny Hoch  
711,Danny Rubin 
712,Danny Steinmann
713,Daphne Du Maurier
714,Darcy Frey
715,Darcy Meyers
716,Dardano Sacchetti
717,Daria Nicolodi 
718,Darin Scott
719,Dario Argento
720,Darlene Craviotto
721,Darrell Roodt
722,Darren Aronofsky
723,Darren Aronofsky 
724,Darren Stein
725,Darryl Ponicsan
726,Darryl Quarles 
727,Daryl G. Nickens
728,Daryl Haney
729,Daryl Matthews
730,Dashiell Hammett
731,Dashiell Hammett 
732,Dave Chappelle
733,Dave Stevens
734,David Aaron Cohen
735,David Ambrose
736,David Arata 
737,David Ayer
738,David Baldacci
739,David Bar Katz 
740,David Beaird
741,David Brin
742,David C. Johnson
743,David C. Wilson
744,David Casci 
745,David Chaskin
746,David Cohen 
747,David Cronenberg
748,David Dodge
749,David Duncan
750,David E. Kelley
751,David E. Kelley 
752,David E. Lewis
753,David E. Peckinpah
754,David Elliot 
755,David Engelbach
756,David Epstein
757,David F. Friedman 
758,David Field
759,David Frankel
760,David Franzoni
761,David Franzoni 
762,David Friedkin
763,David Giler
764,David Giles
765,David Greenwalt
766,David Guterson
767,David Hare 
768,David Hayter
769,David Hodgin
770,David Hoselton
771,David Howard 
772,David Isaacs
773,David J. Schow
774,David Jonas
775,David Kirschner
776,David Kirschner 
777,David Klass
778,David Koepp
779,David Koepp 
780,David L. Corley
781,David Lean
782,David Lee Miller 
783,David Leland
784,David Levien
785,David Loughery
786,David Loughery 
787,David Lynch
788,David Madsen
789,David Mamet
790,David Mamet 
791,David Marconi
792,David McKenna
793,David Michael Wieger
794,David Mickey Evans
795,David Morrell
796,David N. Weiss
797,David Newman
798,David Newman 
799,David O. Russell
800,David O. Selznick
801,David OMalley
802,David Odell
803,David Pabian
804,David Pirie
805,David Rabe
806,David Rayfiel
807,David Reuben
808,David S. Goyer
809,David S. Ward
810,David Saperstein
811,David Schmoeller
812,David Schmoeller 
813,David Self
814,David Seltzer
815,David Seltzer 
816,David Shaber 
817,David Sheffield
818,David Sherwin 
819,David Siegel
820,David Simkins
821,David Spade
822,David Spector
823,David Stenn
824,David Steven Cohen
825,David Stevens
826,David Stevens 
827,David Stone
828,David Swift
829,David Toney
830,David Twohy
831,David Twohy 
832,David Urrutia
833,David Veloz
834,David Webb Peoples
835,David Webb Peoples 
836,David Wechter
837,David Weisberg
838,David Weisberg 
839,David Williamson
840,David Z. Weinstein
841,David Zelag Goodman
842,David Zucker
843,Daying Ye
844,DeWitt Bodeen
845,Dean Devlin
846,Dean Devlin 
847,Dean Lorey
848,Dean Pitchford
849,Dean R. Koontz
850,Dean R. Koontz 
851,Dean Riesner
852,Deanna Oliver
853,Deborah Amelon
854,Deborah Blum
855,Deborah Dean Davis
856,Deborah Kaplan
857,Deborah Kaplan 
858,Deborah Navarra-Brock
859,Debra Hill
860,Deena Goldstone
861,Delia Ephron
862,Delmer Daves
863,Demetria Johnson
864,Denis Johnson
865,Denis Leary 
866,Denis ONeill
867,Denise DeClue
868,Dennis DeShazer 
869,Dennis Feldman
870,Dennis Hackin
871,Dennis Hopper
872,Dennis K. Law
873,Dennis Lee
874,Dennis Palumbo 
875,Dennis Paoli
876,Dennis Paoli 
877,Dennis Shryack
878,Dennis Snee
879,Dennis Wheatley
880,Deric Washburn 
881,Derick Martini 
882,Desmond Nakano
883,Dev Ross
884,Dhani Lipsius
885,Diana Henstell
886,Diane Drake
887,Diane Johnson
888,Diane Thomas
889,Diane Tucker
890,Dick Beebe
891,Dick Chevillat 
892,Dick Clement
893,Dick Huemer
894,Dick King-Smith
895,Didier Decoin
896,Didier Kaminka
897,Djordje Milicevic
898,Dode B. Levenson
899,Dodie Smith
900,Don Bluth
901,Don Carlos Dunaway
902,Don Coscarelli
903,Don DaGradi
904,Don Holley 
905,Don Ingalls
906,Don Jakoby
907,Don Jakoby 
908,Don Lake 
909,Don MacPherson
910,Don Mancini
911,Don Mancini 
912,Don McEnery
913,Don McKellar
914,Don Nelson
915,Don Rhymer
916,Don Roos
917,Don Tait
918,Don Tracy
919,Donal Lardner Ward
920,Donald A. Wollheim
921,Donald Bevan
922,Donald E. Stewart
923,Donald E. Westlake
924,Donald G. Payne
925,Donald Ogden Stewart
926,Donn Pearce 
927,Donna Powers
928,Dorothy Kingsley
929,Dorothy Kingsley 
930,Dorothy Parker
931,Dorothy Parker 
932,Dorrie Krum Raymond
933,Doug Ellin
934,Doug Langdale
935,Doug Olson
936,Doug Richardson
937,Doug Richardson 
938,Douglas Carter Beane
939,Douglas Cook
940,Douglas Cook 
941,Douglas Day Stewart
942,Douglas Kenney
943,Douglas McGrath
944,Douglas Preston
945,Drew Gitlin
946,Duane Capizzi
947,Dudley Nichols
948,Duncan Kennedy
949,Duncan North 
950,Dusan Kovacevic
951,Dwight Taylor 
952,Dwight V. Babcock 
953,E. Jack Kaplan 
954,E. Max Frye
955,E.A. Ellington
956,E.B. White
957,E.C. Segar
958,E.M. Forster
959,E.M. Nathanson
960,E.R. Braithwaite
961,Earl Felton
962,Earl Hamner Jr.
963,Earl Mac Rauch
964,Earl W. Wallace 
965,Ebbe Roe Smith
966,Ed Boon
967,Ed Decter 
968,Ed Jones
969,Ed Justin
970,Ed Naha
971,Ed Naha 
972,Ed Solomon
973,Ed Solomon 
974,Ed Stone
975,Eddie Guzelian
976,Eddie Little
977,Eddie Murphy
978,Edgar Allan Poe
979,Edgar Allan Poe   
980,Edgar Allan Woolf
981,Edith Wharton
982,Edmond Rostand
983,Edmond Seward 
984,Edmund Beloin
985,Edmund Goulding
986,Edmund H. North
987,Edmund H. North 
988,Edmund Naughton
989,Edna Ferber
990,Eduardo Sánchez
991,Edward Abbey
992,Edward Albee 
993,Edward Bernds
994,Edward Bond
995,Edward Bunker
996,Edward Burns
997,Edward D. Wood Jr.
998,Edward Khmara 
999,Edward L. Beach
1000,Edward Lewis Wallant
1001,Edward Neumeier
1002,Edward Pomerantz 
1003,Edward Streeter
1004,Edward T. Lowe Jr.
1005,Edward Tang
1006,Edward Zwick
1007,Edwin Blum
1008,Edwin Greenwood
1009,Edwin Justus Mayer
1010,Edwin Torres
1011,Egon Jacobsohn 
1012,Ehren Kruger
1013,Ehud Yonay
1014,Eileen Atkins
1015,Elaine May
1016,Elana Lesser
1017,Eleanor Bergstein
1018,Eleanor H. Porter
1019,Eleanore Griffin 
1020,Eleazar Lipsky
1021,Elia Kazan 
1022,Eliot Ness
1023,Eliot Stannard
1024,Eliot Wald
1025,Elisa Bell 
1026,Elisa M. Rothstein
1027,Elizabeth Anderson
1028,Elizabeth Bradley
1029,Elizabeth Chandler
1030,Elizabeth Cuthrell
1031,Elizabeth Hill
1032,Elizabeth Livingston
1033,Elizabeth McNeill
1034,Elizabeth White
1035,Elizabeth von Arnim
1036,Ellen Green
1037,Ellen Simon
1038,Elliot Tong
1039,Ellis Kadison
1040,Ellyn Bache
1041,Elmer Rice
1042,Elmore Leonard
1043,Elmore Leonard 
1044,Emilio Estevez
1045,Emir Kusturica
1046,Emma Thompson
1047,Ennio De Concini
1048,Ennio Flaiano
1049,Ennio Flaiano 
1050,Enrique Urbizu
1051,Enzo Ungari
1052,Erdman Penner
1053,Eric Ambler
1054,Eric Bergren
1055,Eric Bernt
1056,Eric Blakeney
1057,Eric Bogosian 
1058,Eric Goldberg 
1059,Eric Hatch 
1060,Eric Hughes
1061,Eric Idle
1062,Eric Knight
1063,Eric Lerner 
1064,Eric Red
1065,Eric Roth
1066,Eric Roth 
1067,Eric Schaeffer 
1068,Eric Taylor
1069,Eric Watson
1070,Eric Williams
1071,Erica Fischer
1072,Erich Kästner
1073,Erich Maria Remarque
1074,Erik Hansen 
1075,Erik Orsenna
1076,Erik Skjoldbjærg
1077,Erika Holzer
1078,Ernest Hemingway
1079,Ernest Hemingway 
1080,Ernest Lehman
1081,Ernest Pagano
1082,Ernest Terrazas
1083,Ernest Thompson 
1084,Ernest Tidyman
1085,Ernest Tidyman 
1086,Ernie Contreras
1087,Ernie Contreras 
1088,Ernst Laemmle 
1089,Ernst Lubitsch 
1090,Ernst Neubach
1091,Errol Morris
1092,Errol Trzebinski
1093,Erwin Hearne
1094,Esther Freud
1095,Ethan Coen
1096,Ethan Reiff
1097,Ethan Wiley
1098,Ethel Hill
1099,Ethel Hill 
1100,Ethel Lina White
1101,Eugene Corr
1102,Eugene Levy
1103,Evan Chandler 
1104,Evan Hunter
1105,Evan Tylor
1106,Everett Freeman
1107,Ezra D. Rappaport
1108,Ezra Litwak
1109,Fannie Flagg 
1110,Farhad Mann 
1111,Farley Mowat
1112,Fay Weldon
1113,Federico Fellini
1114,Federico Fellini 
1115,Feiyu Bi
1116,Felix Salten
1117,Felix Sutton
1118,Feng Jicai
1119,Fernanda Young
1120,Fibe Ma
1121,Fletcher Knebel
1122,Flint Dille
1123,Florence Ryerson
1124,Floyd Mutrux
1125,Floyd Mutrux 
1126,Forrest Carter
1127,Fran Walsh
1128,Frances Doel
1129,Frances Goodrich
1130,Frances Hodgson Burnett
1131,Frances Marion
1132,Francis Ford Coppola
1133,Francis Ford Coppola 
1134,Francis Veber
1135,Francis X. McCarthy Jr.
1136,Francisca Matos
1137,Franco Brusati
1138,Franco Zeffirelli
1139,Franco Zeffirelli 
1140,Frank Barhydt
1141,Frank Butler
1142,Frank Capra
1143,Frank Cavett
1144,Frank Cottrell Boyce
1145,Frank Craven
1146,Frank Darabont
1147,Frank De Felitta 
1148,Frank Dux
1149,Frank Fenton
1150,Frank Herbert
1151,Frank Launder
1152,Frank Levering
1153,Frank M. Robinson
1154,Frank McCourt
1155,Frank Miller 
1156,Frank Oz
1157,Frank Parkin
1158,Frank Perry
1159,Frank Pierson
1160,Frank Ray Perilli
1161,Frank S. Nugent
1162,Frank Sebastiano
1163,Frank Spotnitz
1164,Frank Waldman
1165,Frank Yablans
1166,Franklin Coen 
1167,Franz Lidz
1168,Franz Rodenkirchen
1169,François Girard
1170,François Truffaut
1171,François Truffaut 
1172,Fred Dekker
1173,Fred F. Finklehoffe
1174,Fred Gipson 
1175,Fred Guiol
1176,Fred Mata
1177,Fred Schepisi
1178,Fred Waitzkin
1179,Fred Wolf
1180,Frederic I. Rinaldo
1181,Frederic Kimball
1182,Frederic Raphael
1183,Frederic Tuten 
1184,Frederick Knott
1185,Frederick Marx
1186,Fredric Lebow
1187,Fredric M. Frank 
1188,Fridrikh Gorenshteyn
1189,Fritz Lang
1190,Fritz Lang 
1191,Fulvio Morsella
1192,Furio Scarpelli 
1193,Gail Gilchriest
1194,Gale Anne Hurd
1195,Garrett Fort
1196,Garry Marshall
1197,Garry Marshall 
1198,Garry Shandling 
1199,Garry Williams
1200,Garson Kanin 
1201,Garth Belcon 
1202,Gary Brandner
1203,Gary Brandner 
1204,Gary DeVore 
1205,Gary Goldman
1206,Gary K. Wolf
1207,Gary Nadeau
1208,Gary Oldman
1209,Gary Ross
1210,Gary Scott Thompson
1211,Gary Sherman
1212,Gaspar Noé
1213,Gavin Lambert
1214,Gavin OConnor
1215,Gavin Scott
1216,Gay Partington Terry
1217,Gayle Gleckler
1218,Gene Quintano
1219,Gene Roddenberry
1220,Gene Wilder
1221,Genevieve Nicholas
1222,Geoff Chapple
1223,Geoffrey Wright
1224,George A. Romero
1225,George Abbott
1226,George Abbott 
1227,George Axelrod
1228,George Barrington 
1229,George Bernard Shaw
1230,George Clayton Johnson
1231,George Dawes Green
1232,George Eliot
1233,George Fox
1234,George Froeschel
1235,George Gallo
1236,George Gipe
1237,George Goldsmith
1238,George Haas
1239,George Huang
1240,George Hurdalek
1241,George Langelaan
1242,George Lucas
1243,George Lucas 
1244,George Lutz 
1245,George MacDonald Fraser
1246,George Miller
1247,George Miller 
1248,George Orwell
1249,George S. Kaufman
1250,George Seaton
1251,George Seaton 
1252,George Tillman Jr.
1253,George Wells 
1254,George Worthing Yates
1255,George Zaloom
1256,Gerald Di Pego
1257,Gerald Di Pego 
1258,Gerald Petievich
1259,Gerald Wexler
1260,Gerald Wilson
1261,Gerry Anderson 
1262,Gerry Conlon
1263,Geza Herczeg 
1264,Giacomo Scarpelli 
1265,Gianni Romoli
1266,Gigi Levangie 
1267,Gilbert Adair
1268,Gilbert Adler
1269,Gill Dennis
1270,Gilles Adrien
1271,Gilles Adrien 
1272,Gillian Horvath
1273,Gillies MacKinnon
1274,Gimel Everett
1275,Gina Goldman
1276,Gina Prince-Bythewood
1277,Gina Wendkos
1278,Giovanni Arpino
1279,Giuseppe Tornatore
1280,Giuseppe Tornatore 
1281,Gladys Hill
1282,Glen Charles
1283,Glen Morgan
1284,Gloria Katz
1285,Gordan Mihic
1286,Gordon Buford
1287,Gordon Chan 
1288,Gordon Gordon
1289,Gordon Gordon 
1290,Gordon Melbourne
1291,Gore Vidal
1292,Gore Vidal 
1293,Graeme Manson
1294,Graham Chapman
1295,Graham Greene
1296,Graham Greene 
1297,Graham Yost
1298,Gray Frederickson
1299,Greer Goodman
1300,Greg Berlanti
1301,Greg Brooker
1302,Greg Dinner
1303,Greg Erb
1304,Greg Erb 
1305,Greg Fields
1306,Greg Glienna 
1307,Greg Harrison
1308,Greg Latter
1309,Greg Mellott
1310,Greg Mottola
1311,Greg Norberg
1312,Greg Spence
1313,Greg Taylor
1314,Greg Taylor 
1315,Gregg Araki
1316,Gregory Allen Howard
1317,Gregory Bernstein 
1318,Gregory Fleeman
1319,Gregory Hansen  
1320,Gregory K. Pincus 
1321,Gregory McDonald
1322,Gregory Nava
1323,Gregory Poirier
1324,Gregory Poirier 
1325,Gregory Widen
1326,Gregory Widen 
1327,Griffin Jay
1328,Griffin Jay 
1329,Grigoriy Aleksandrov 
1330,Guillermo del Toro
1331,Guillermo del Toro 
1332,Guinevere Turner
1333,Gus Van Sant
1334,Gustav Hasford 
1335,Guy Ferland
1336,Guy Manos
1337,Guy Ritchie
1338,Guy de Maupassant
1339,Gypsy Rose Lee
1340,Gérard Brach
1341,Gérard Corbiau 
1342,Gérard Oury
1343,Günter Grass 
1344,H. Rider Haggard
1345,H.B. Halicki
1346,H.E. Bates
1347,H.G. Wells
1348,H.P. Lovecraft
1349,H.T. Kavanagh
1350,Hagar Wilde 
1351,Haim Saban
1352,Hal Barwood 
1353,Hal Dresner
1354,Hal Hartley
1355,Hal Kanter
1356,Hal Salwen
1357,Hamilton Deane
1358,Hampton Fancher
1359,Han Suyin
1360,Hanif Kureishi
1361,Hans Bauer
1362,Hans Christian Andersen
1363,Hans Hoemburg
1364,Hans Holzer
1365,Hans Jacoby
1366,Hark Tsui
1367,Harley Peyton
1368,Harmony Korine
1369,Harold Jacob Smith
1370,Harold Livingston
1371,Harold Ramis
1372,Harold Robbins
1373,Harper Lee
1374,Harriet Frank Jr.
1375,Harris Goldberg
1376,Harry Allard
1377,Harry Bates
1378,Harry Birckmayer 
1379,Harry Brown
1380,Harry Carr
1381,Harry Chandlee
1382,Harry Crocker
1383,Harry Elfont
1384,Harry Elfont 
1385,Harry Essex
1386,Harry Grey
1387,Harry Harrison
1388,Harry Julian Fink
1389,Harry Kleiner
1390,Harry Kurnitz
1391,Harry Reeves
1392,Harry Segall
1393,Harry Segall 
1394,Harry Shearer
1395,Harve Bennett
1396,Harve Bennett 
1397,Harvey Bernhard
1398,Harvey Miller
1399,Harvey Weitzman
1400,Hayao Miyazaki
1401,Heather Donahue 
1402,Heck Allen
1403,Heinrich Harrer
1404,Heinz Herald 
1405,Helen Childress
1406,Helen Cooper
1407,Helen Deutsch
1408,Helen Prejean
1409,Helen Simpson
1410,Helena Kriel
1411,Henri Charrière
1412,Henri-Georges Clouzot
1413,Henri-Pierre Roché
1414,Henry De Vere Stacpoole
1415,Henry Farrell
1416,Henry Fielding
1417,Henry Garson
1418,Henry Jaglom
1419,Henry James
1420,Henry S. Villard
1421,Henry Sucher
1422,Henry Sucher 
1423,Herb Gardner 
1424,Herbert Baker
1425,Herk Harvey 
1426,Herman J. Mankiewicz
1427,Herman Miller 
1428,Herman Raucher
1429,Herman Weigel
1430,Herschel Weingrod
1431,Herschell Gordon Lewis
1432,Herschell Gordon Lewis 
1433,Hervé Palud
1434,Hesper Anderson
1435,Heywood Gould
1436,Hideo Oguni
1437,Hilary Henkin
1438,Hilary St George Saunders
1439,Hilary du Pré
1440,Hirokazu Koreeda
1441,Hiroshi Kashiwabara
1442,Holly Goldberg Sloan
1443,Holly Goldberg Sloan 
1444,Homer Brightman
1445,Homer H. Hickam Jr.
1446,Honoré de Balzac
1447,Hope Loring
1448,Horace McCoy
1449,Horton Foote
1450,Horton Foote 
1451,Hossein Amini
1452,Howard Ashman 
1453,Howard Estabrook 
1454,Howard Fast
1455,Howard Franklin
1456,Howard Hawks
1457,Howard Hawks 
1458,Howard Klausner
1459,Howard Koch
1460,Howard Lindsay
1461,Howard Rodman
1462,Howard Sackler
1463,Howard Sackler 
1464,Howard Stern
1465,Hua Yu 
1466,Hubert Selby Jr. 
1467,Hudson Talbott
1468,Hugh Kelley
1469,Hugh Leonard 
1470,Hugh Lofting
1471,Hugh Walpole
1472,Hugh Whitemore
1473,Hugh Wilson
1474,Hugh Wilson 
1475,Hugo Butler
1476,Hui-Ling Wang
1477,Hume Cronyn
1478,Hunter S. Thompson
1479,I. Marlene King
1480,I.A.L. Diamond
1481,Iain Johnstone
1482,Iain Softley
1483,Ian Fleming
1484,Ian Fleming 
1485,Ian Hay
1486,Ian La Frenais
1487,Ian McEwan
1488,Ian McKellen
1489,Ian McLellan Hunter 
1490,Ice Cube
1491,Ida Lupino
1492,Ifor David Monger
1493,Ilene Chaiken 
1494,Ilya Ilf
1495,Ingmar Bergman
1496,Ingmar Bergman 
1497,Ira Levin
1498,Irene Mecchi
1499,Irvine H. Millgate
1500,Irvine Welsh
1501,Irving Berlin
1502,Irving Block
1503,Irving Brecher
1504,Irving Ravetch
1505,Irving Shulman
1506,Irwin Allen
1507,Irwin Allen 
1508,Isaac Asimov 
1509,Isabel Allende
1510,Isabelle Holland
1511,Ishirô Honda
1512,Isobel Lennart
1513,István Szabó
1514,Italo Moscati
1515,Itoko Nakamura
1516,Ivan Goff
1517,Ivan Moffat
1518,Ivan Raimi
1519,Izô Hashimoto
1520,J. David Stem
1521,J. Edward Kiernan
1522,J. Stanford Parker
1523,J. Stephen Peace
1524,J.B. Cook
1525,J.B. Priestley
1526,J.B. Rogers
1527,J.D. Shapiro
1528,J.D. Shapiro 
1529,J.D. Zeik 
1530,J.F. Lawton
1531,J.G. Ballard
1532,J.H. Rosny Sr.
1533,J.J. Abrams
1534,J.M. Barrie
1535,J.M. Barrie 
1536,J.R.R. Tolkien
1537,J.S. Cardone
1538,Jack Arnold
1539,Jack B. Sowards 
1540,Jack Baran
1541,Jack Behr
1542,Jack Bernstein
1543,Jack Bernstein 
1544,Jack Burns
1545,Jack Cowden
1546,Jack Engelhard
1547,Jack Epps Jr.
1548,Jack Finney
1549,Jack M. Bickham
1550,Jack ODonnell
1551,Jack Schaefer
1552,Jack Sher
1553,Jack Trevor Story
1554,Jack Whittingham 
1555,Jackie Chan
1556,Jackie Moran
1557,Jacob Brackman 
1558,Jacob Grimm
1559,Jacquelyn Mitchard
1560,Jacques Companéez
1561,Jacques Demy
1562,Jacques Prévert
1563,Jafar Panahi
1564,Jaime Chávarri 
1565,Jake Kasdan
1566,Jake LaMotta
1567,James Agee
1568,James Algar
1569,James Ashmore Creelman
1570,James B. Harris
1571,James Bridges
1572,James Burke
1573,James Cameron
1574,James Cameron 
1575,James Carabatsos
1576,James Carrington
1577,James Clavell
1578,James Clouse
1579,James Costigan
1580,James Cresson
1581,James D. Buchanan 
1582,James D. Parriott
1583,James DeMonaco
1584,James Dearden 
1585,James Dickey 
1586,James Doran
1587,James Edward Grant
1588,James Ellroy
1589,James F. Robinson
1590,James Fenimore Cooper
1591,James Flamberg
1592,James Fogle
1593,James Gleason
1594,James Gorman
1595,James Grady
1596,James Gray
1597,James Gunn
1598,James Hadley Chase
1599,James Hamilton
1600,James Hayslip
1601,James Herbert
1602,James Hilton
1603,James Ivory
1604,James Jones
1605,James Keach
1606,James L. Brooks
1607,James Lasdun
1608,James Lee Burke
1609,James Leo Herlihy
1610,James Lyons
1611,James M. Cain
1612,James Mangold
1613,James Marshall
1614,James McCausland
1615,James Melkonian
1616,James Merendino
1617,James Morris
1618,James Nagel
1619,James OBarr
1620,James OBarr 
1621,James Oliver Curwood
1622,James Orr
1623,James Patterson
1624,James Poe
1625,James R. Webb
1626,James Schamus
1627,James Still
1628,James Toback
1629,James V. Hart
1630,James V. Hart 
1631,James Wong
1632,Jamie Babbit
1633,Jamie Curtis
1634,Jamie Hewlett
1635,Jamie Uys
1636,Jan Sardi
1637,Jan de Bont
1638,Jana Howington
1639,Jane Anderson
1640,Jane Austen
1641,Jane Campion
1642,Jane Hamilton
1643,Jane Kennedy
1644,Jane Murfin
1645,Jane Rusconi
1646,Jane Smiley
1647,Janet Lewis
1648,Janet Peoples
1649,Janet Roach
1650,Janet Scott Batchler 
1651,Janis Allen
1652,Janus Cercone
1653,Jasmin Dizdar
1654,Jason Blumenthal
1655,Jason Friedberg 
1656,Jason Katims
1657,Jason Schafer
1658,Jason Schombing
1659,Jay Anson
1660,Jay Cocks
1661,Jay Cronley
1662,Jay Dratler
1663,Jay Presson Allen
1664,Jay Roach
1665,Jay Simms 
1666,Jay Sommers 
1667,Jay Tarses
1668,Jay Tarses 
1669,Jay Ward
1670,Jay Wurts
1671,Jean Chalopin
1672,Jean Cocteau 
1673,Jean Gruault
1674,Jean Herman
1675,Jean M. Auel
1676,Jean Moebius Giraud
1677,Jean Poiret 
1678,Jean Redon 
1679,Jean Renoir
1680,Jean Sacha
1681,Jean Shepherd 
1682,Jean Van Hamme
1683,Jean-Claude Carrière
1684,Jean-Claude Forest 
1685,Jean-Claude Van Damme
1686,Jean-Jacques Beineix 
1687,Jean-Luc Godard
1688,Jean-Luc Godard 
1689,Jean-Marie Pallardy
1690,Jean-Marie Poiré
1691,Jean-Paul Rappeneau
1692,Jean-Pierre Dardenne
1693,Jean-Pierre Jeunet
1694,Jean-Pierre Jeunet 
1695,Jeanne Rosenberg
1696,Jeannine Dominy
1697,Jeb Rosebrook 
1698,Jeb Stuart
1699,Jeb Stuart 
1700,Jeff Arch 
1701,Jeff Buhai
1702,Jeff Franklin
1703,Jeff Lieberman
1704,Jeff Maguire
1705,Jeff Nimoy 
1706,Jeff Phillips
1707,Jeff Pollack 
1708,Jeff Rawle
1709,Jeff Reno
1710,Jeff Rothberg
1711,Jeff Schechter
1712,Jeffery Deaver
1713,Jeffrey Alan Fiskin
1714,Jeffrey Bloom
1715,Jeffrey Bloom 
1716,Jeffrey Boam
1717,Jeffrey Boam  
1718,Jeffrey Caine
1719,Jeffrey Delman
1720,Jeffrey Eugenides
1721,Jeffrey Falcon
1722,Jeffrey Friedman
1723,Jeffrey Kluger
1724,Jeffrey Price
1725,Jeffrey Reddick 
1726,Jenaro Prieto
1727,Jennifer Lynch
1728,Jennings Lang
1729,Jenniphr Goodman
1730,Jere Cunningham
1731,Jeremiah Newton
1732,Jeremy Brock
1733,Jeremy Iacone
1734,Jeremy Iacone 
1735,Jeremy Larner
1736,Jeremy Leven
1737,Jeremy Pikser
1738,Jerome Armstrong 
1739,Jerome Lawrence
1740,Jerome Robbins
1741,Jerry Belson
1742,Jerry Juhl
1743,Jerry Leichtling
1744,Jerry Lewis
1745,Jerry Siegel
1746,Jerry Stahl
1747,Jerry Zucker
1748,Jerzy Kosinski 
1749,Jessica Bendinger
1750,Jessie Nelson
1751,Jesús Franco
1752,Jianyu Chen
1753,Jill Cargerman
1754,Jill Gordon
1755,Jill Mazursky
1756,Jill Sprecher
1757,Jim Abrahams
1758,Jim Allen
1759,Jim Burnstein
1760,Jim Burnstein 
1761,Jim Carrey
1762,Jim Carroll
1763,Jim Cartwright
1764,Jim Cash
1765,Jim Cox
1766,Jim Cruickshank
1767,Jim Garrison
1768,Jim Harrison
1769,Jim Henson
1770,Jim Herzfeld
1771,Jim Jacobs
1772,Jim Jarmusch
1773,Jim Jennewein
1774,Jim Jennewein 
1775,Jim Jinkins
1776,Jim Kouf
1777,Jim Lovell
1778,Jim Mallon
1779,Jim Marrs
1780,Jim McGlynn
1781,Jim Moloney
1782,Jim Mulholland
1783,Jim Quinlan 
1784,Jim Sharman
1785,Jim Sheridan
1786,Jim Strain 
1787,Jim Taylor
1788,Jim Thomas
1789,Jim Thomas 
1790,Jim Thompson
1791,Jim Uhls
1792,Jim Webb
1793,Jim Wheat
1794,Jim Wheat 
1795,Jimmy Huston
1796,Jimmy McGovern
1797,Jimmy Sangster
1798,Jimmy Santiago Baca
1799,Jo Duffy
1800,Jo Eisinger
1801,Jo Swerling
1802,Joan Didion
1803,Joan Harrison
1804,Joan Lindsay
1805,Joan Taylor
1806,Joan Tewkesbury
1807,Joe Aaron
1808,Joe Batteer 
1809,Joe Camp
1810,Joe Camp 
1811,Joe Carnahan
1812,Joe Connelly
1813,Joe Eszterhas
1814,Joe Gayton 
1815,Joe Grant
1816,Joe Grant 
1817,Joe Klein
1818,Joe Masteroff
1819,Joe Ranft
1820,Joe Rinaldi
1821,Joe Ritter
1822,Joe Roberts
1823,Joe Shuster
1824,Joe Stillman
1825,Joel Coen
1826,Joel Cohen
1827,Joel Gross
1828,Joel Schumacher
1829,Joel Soisson
1830,Joey Mazzarino
1831,Johann David Wyss
1832,Johanna Harwood
1833,Johannes Heide
1834,John A. Russo
1835,John August
1836,John Ball
1837,John Berendt
1838,John Binder
1839,John Blumenthal
1840,John Boorman
1841,John Boorman 
1842,John Bowe
1843,John Braine
1844,John Brancato
1845,John Briley
1846,John Brosnan 
1847,John Brownjohn
1848,John Bryson
1849,John Buchan
1850,John Byrum
1851,John C. Higgins
1852,John C. Richards 
1853,John Carpenter
1854,John Carpenter 
1855,John Cassavetes
1856,John Cleese
1857,John Clifford
1858,John Colton
1859,John Cornell
1860,John Cromwell
1861,John D. MacDonald
1862,John D. Voelker
1863,John D.F. Black
1864,John Dahl
1865,John De Bello
1866,John Dighton
1867,John Duigan
1868,John Eddie Johnson
1869,John Eskow
1870,John Esposito
1871,John Farris 
1872,John Farrow
1873,John Ford 
1874,John Frankenheimer
1875,John Fusco
1876,John G. Brennan
1877,John G. Jones 
1878,John Gay
1879,John Godey
1880,John Goldrosen
1881,John Grant
1882,John Gregory Dunne
1883,John Grisham
1884,John Guare
1885,John Guare 
1886,John Hamburg
1887,John Harrison 
1888,John Herzfeld
1889,John Hodge
1890,John Hopkins
1891,John Hopkins 
1892,John Houseman 
1893,John Howlett
1894,John Hubley
1895,John Hughes
1896,John Hughes 
1897,John Huston
1898,John Irving 
1899,John J. Strauss 
1900,John Jarrell
1901,John Jay Osborn Jr.
1902,John Kamps
1903,John Katzenbach
1904,John Kaye
1905,John Kohn
1906,John L. Balderston
1907,John L. Balderston 
1908,John L. Greene
1909,John Lafia
1910,John Lahr
1911,John Landis
1912,John Lasseter
1913,John Lee Hancock
1914,John Lee Mahin
1915,John Leguizamo
1916,John Logan
1917,John Logan 
1918,John Long
1919,John Lurie
1920,John Lutz
1921,John Mankiewicz
1922,John Mattson
1923,John Maybury
1924,John McNaughton
1925,John Michael Hayes
1926,John Milius
1927,John Milius 
1928,John Monk Saunders
1929,John Mortimer
1930,John Musker
1931,John Norville
1932,John OBrien
1933,John OHara
1934,John Osborne
1935,John Palmer
1936,John Patrick
1937,John Patrick Shanley
1938,John Paxton
1939,John Payson 
1940,John Pielmeier 
1941,John Pogue
1942,John Pomeroy
1943,John Pound 
1944,John Rice 
1945,John Ridley
1946,John Ridley 
1947,John Roach
1948,John Romano
1949,John Sayles
1950,John Sayles 
1951,John Schlesinger
1952,John Shirley
1953,John Shirley 
1954,John Singleton
1955,John Singleton 
1956,John Skipp
1957,John Steakley
1958,John Steinbeck
1959,John Steppling
1960,John Taintor Foote
1961,John Taintor Foote 
1962,John Thomas
1963,John Thomas 
1964,John Tobias
1965,John Turturro
1966,John Twist
1967,John Van Druten
1968,John W. Campbell Jr.
1969,John W. Cunningham
1970,John Wagner
1971,John Wainwright
1972,John Warren
1973,John Waters
1974,John Watson
1975,John Wells
1976,John Wexley
1977,John Wilcox
1978,John William Corrington
1979,John Woo
1980,John Wyndham
1981,Johnston McCulley
1982,Joie Lee 
1983,Jon Ayre 
1984,Jon Bernstein
1985,Jon Blair
1986,Jon Bogdanove
1987,Jon Cryer
1988,Jon Favreau
1989,Jon Shear
1990,Jonah Raskin
1991,Jonas McCord
1992,Jonas Pate
1993,Jonathan Bond
1994,Jonathan Brett
1995,Jonathan Darby 
1996,Jonathan Demme
1997,Jonathan Hardy
1998,Jonathan Harr
1999,Jonathan Harvey
2000,Jonathan Hensleigh
2001,Jonathan Hensleigh 
2002,Jonathan Lemkin
2003,Jonathan Lynn 
2004,Jonathan Marc Feldman
2005,Jonathan Mostow 
2006,Jonathan R. Betuel
2007,Jonathan Roberts
2008,Jonathan Swift
2009,Jordan Katz
2010,Jorge Guerricaechevarría
2011,Jorge Guerricaechevarría 
2012,Josann McGibbon
2013,Josef Rusnak
2014,Josep Llurba
2015,Joseph Barbera
2016,Joseph Carter
2017,Joseph Conrad
2018,Joseph D. Pistone
2019,Joseph Green 
2020,Joseph Kessel
2021,Joseph Kesselring
2022,Joseph L. Mankiewicz
2023,Joseph L. McEveety
2024,Joseph Olshan
2025,Joseph Oriolo
2026,Joseph Ruben
2027,Joseph Stefano
2028,Joseph Stinson
2029,Joseph Tropiano
2030,Joseph W. Savino
2031,Josh Friedman
2032,Josh McKinney
2033,Josh Pate
2034,Joshua Logan 
2035,Joshua Michael Stern
2036,Joshua Wexler
2037,Josiane Balasko
2038,Joss Whedon
2039,José Luis Cuerda
2040,Joyce Carol Oates
2041,Joyce Hooper Corrington
2042,Joyce Maynard
2043,João Emanuel Carneiro
2044,Judd Apatow
2045,Judd Apatow 
2046,Judi Ann Mason
2047,Judith Guest
2048,Judith Roberts
2049,Judith Thurman
2050,Judy Freudberg
2051,Judy Freudberg 
2052,Judy Morris
2053,Jules Feiffer
2054,Jules Furthman
2055,Jules Verne
2056,Jules Verne 
2057,Julian Barry
2058,Julian Mitchell
2059,Julian Schnabel
2060,Julian Zimet 
2061,Julianna Lavin
2062,Julie Hickson
2063,Julie Hébert
2064,Julie Talen
2065,Julie Taymor
2066,Julio Cortázar
2067,Julio Medem
2068,Julius J. Epstein
2069,Jun Falkenstein
2070,Jurek Becker
2071,Justin Kerrigan
2072,Jymn Magon 
2073,Jörg Buttgereit
2074,Jûzô Itami
2075,Jürgen Büscher
2076,Jürgen Egger
2077,Kar-Wai Wong
2078,Karen Blixen
2079,Karen Croner
2080,Karen Elise Baldwin
2081,Karen Janszen
2082,Karen Kelly
2083,Karen McCullah
2084,Karen Sprecher
2085,Karey Kirkpatrick
2086,Karin Howard
2087,Karl Tunberg
2088,Karyn Kusama
2089,Kasi Lemmons
2090,Kate Lanier
2091,Katherine Reback 
2092,Kathleen Rowell
2093,Kathryn Bigelow
2094,Kathy McWorter
2095,Katja von Garnier
2096,Katsuhiro Ôtomo 
2097,Katt Shea
2098,Kay Linaker
2099,Kaylie Jones
2100,Kazunori Itô
2101,Kazuo Ishiguro
2102,Keenen Ivory Wayans
2103,Keisuke Kinoshita
2104,Keith Critchlow
2105,Keith Samples
2106,Keith Walker
2107,Keith Walker 
2108,Keith Waterhouse 
2109,Kelly Candaele
2110,Kelly Hilaire
2111,Kelly Ward 
2112,Kely Lyons
2113,Ken Anderson
2114,Ken Anderson 
2115,Ken Cromar
2116,Ken Finkleman
2117,Ken Gross
2118,Ken Hammon
2119,Ken Hixon
2120,Ken Kaufman
2121,Ken Kesey
2122,Ken Kolb
2123,Ken Levine
2124,Ken Lipper
2125,Ken Richards
2126,Ken Russell
2127,Ken Sanzel
2128,Ken Scarborough
2129,Ken Shadie
2130,Ken Solarz
2131,Ken Wheat
2132,Ken Wheat 
2133,Kenneth Branagh
2134,Kenneth Earl
2135,Kenneth Gamet 
2136,Kenneth J. Hall
2137,Kenneth Johnson
2138,Kenneth Lonergan
2139,Kenneth Lonergan 
2140,Kenneth Ross
2141,Kenneth S. Webb
2142,Kenny Buford
2143,Kenny Moore
2144,Kevin Alyn Elders
2145,Kevin Brodbin
2146,Kevin DiCicco
2147,Kevin Droney
2148,Kevin Droney 
2149,Kevin Eastman
2150,Kevin Fox
2151,Kevin Jarre
2152,Kevin Jarre 
2153,Kevin Jordan
2154,Kevin McDonald
2155,Kevin Meyer
2156,Kevin Reynolds
2157,Kevin Reynolds 
2158,Kevin Smith
2159,Kevin Wade
2160,Kevin Williamson
2161,Kevin Yagher
2162,Kim Fuller
2163,Kim Henkel
2164,Kim Henkel 
2165,Kim Krizan
2166,Kim Wilson
2167,Kimberly Peirce
2168,Kirk DeMicco
2169,Kirk Ellis
2170,Kirk Jones
2171,Kirk R. Thatcher
2172,Kirsten Smith
2173,Kit Hesketh-Harvey
2174,Klaus Mann
2175,Klaus Richter
2176,Koan Hui
2177,Kris Isacsson
2178,Krzysztof Kieslowski
2179,Krzysztof Piesiewicz
2180,Kuki Gallmann
2181,Kurt Luedtke
2182,Kurt Neumann
2183,Kurt Vonnegut Jr.
2184,Kurt Wimmer
2185,Kôji Wakamatsu
2186,L. Frank Baum
2187,L. Ron Hubbard
2188,L.M. Kit Carson
2189,Ladislas Farago
2190,Lana Wachowski
2191,Lana Wachowski 
2192,Lance Mungia
2193,Larry Beinhart
2194,Larry Clark 
2195,Larry Clemmons
2196,Larry Cohen
2197,Larry David
2198,Larry Ferguson
2199,Larry Forrester
2200,Larry Gelbart
2201,Larry Gross
2202,Larry Karaszewski
2203,Larry Levin
2204,Larry Levinson
2205,Larry McMurtry
2206,Larry McMurtry 
2207,Larry Rattner
2208,Larry Wilson
2209,Lars von Trier
2210,Lasse Hallström
2211,Laura Esquivel
2212,Laura Jones
2213,Laura Z. Hobson
2214,Laura Ziskin
2215,Laurence Coriat
2216,Laurence Dworet
2217,Laurence Olivier
2218,Laurice Elehwany
2219,Laurie Craig
2220,Lawrence D. Cohen
2221,Lawrence Edward Watkin
2222,Lawrence Hauben
2223,Lawrence J. Block
2224,Lawrence Kasanoff
2225,Lawrence Kasdan
2226,Lawrence Konner
2227,Lawrence Konner 
2228,Lawrence L. Goldman
2229,Lawrence Lasker
2230,Lawrence Wright 
2231,Le Ly Hayslip 
2232,Lech Majewski
2233,Lee Batchler 
2234,Lee Blair 
2235,Lee David Zlotoff
2236,Lee Falk
2237,Lee Kresel
2238,Lee Reynolds
2239,Lee Wai Yee
2240,Leigh Brackett
2241,Leigh Brown
2242,Lem Dobbs
2243,Len Blum
2244,Len Blum  
2245,Len Brown
2246,Len Deighton
2247,Len Wein 
2248,Leo Benvenuti
2249,Leo Garen
2250,Leo Marks 
2251,Leo McCarey
2252,Leo McCarey 
2253,Leo Rosten
2254,Leo Townsend
2255,Leon Abrams 
2256,Leon Capetanos
2257,Leon Gordon
2258,Leonard Freeman
2259,Leonard Gershe
2260,Leonard Greenwood 
2261,Leonard Nimoy
2262,Leonard Schrader
2263,Leonard Spigelgass
2264,Leonardo Benvenuti
2265,Leonardo Bercovici
2266,Leopold Atlas
2267,Leora Barish
2268,Leos Carax
2269,Leroy Douglas
2270,Les Charles
2271,Lesley McNeil
2272,Leslie Bohem
2273,Leslie Bricusse
2274,Leslie Charteris
2275,Leslie Cockburn
2276,Leslie Dixon
2277,Leslie Newman
2278,Leslie Stevens
2279,Lesser Samuels
2280,Lew Wallace
2281,Lewis Carroll
2282,Lewis Colick
2283,Lewis Colick 
2284,Lewis Friedman
2285,Lewis John Carlino
2286,Lewis Meltzer
2287,Lewis R. Foster
2288,Lex Neal
2289,Li Xiao
2290,Lila Garrett
2291,Liliana Cavani 
2292,Lillie Hayward
2293,Lilly Wachowski
2294,Lilly Wachowski 
2295,Lina Wertmüller
2296,Lincoln Child
2297,Lincoln Kirstein
2298,Linda Palmer
2299,Linda Remy
2300,Linda Woolverton
2301,Lionel Bart
2302,Lionel White
2303,Lisa Cholodenko
2304,Lisa Loomer
2305,Lloyd Alexander
2306,Lloyd Fonvielle
2307,Lloyd Kaufman
2308,Lloyd Kaufman 
2309,Lois Duncan
2310,Lona Williams
2311,Lord Byron 
2312,Lorenzo Carcaterra
2313,Lorenzo Semple Jr.
2314,Lorne Cameron
2315,Lorne Michaels
2316,Lorraine Hansberry 
2317,Lou Holtz Jr.
2318,LouAnne Johnson
2319,Louis Bromfield 
2320,Louis Cha
2321,Louis D. Lighton
2322,Louis Gardel
2323,Louis Garfinkle
2324,Louis M. Heyward
2325,Louis Nowra
2326,Louis Sarecky 
2327,Louis Venosta 
2328,Louisa May Alcott
2329,Louise Downe
2330,Louise Fitzhugh
2331,Louise J. Kaplan
2332,Louise Simonson
2333,Lourens van der Post
2334,Lowell Cannon
2335,Lowell Cunningham
2336,Lowell Ganz
2337,Lowell Ganz 
2338,Lowell S. Hawley
2339,Luc Besson
2340,Luc Besson 
2341,Luc Dardenne
2342,Luciano Vincenzoni
2343,Luciano Vincenzoni 
2344,Lucille Fletcher
2345,Ludwig Bemelmans
2346,Luigi Bartolini
2347,Luis Alcoriza
2348,Luis Buñuel
2349,Luis Puenzo
2350,Luis Valdez
2351,Lukas Heller
2352,Lung Hsiao
2353,Lynn Siefert
2354,Lynn Siefert 
2355,Lynne Reid Banks
2356,M. Night Shyamalan
2357,M.L. Kessler
2358,MacKinlay Kantor
2359,Macgregor Douglas
2360,Maeve Binchy
2361,Majid Majidi
2362,Mala Sen 
2363,Malcolm Bradbury
2364,Malcolm Johnson
2365,Malcolm MacRury
2366,Malcolm Marmorstein
2367,Malcolm McDowell 
2368,Malcolm X
2369,Malia Scotch Marmo
2370,Manny Coto
2371,Manuel Fidello
2372,Manuel Rivas
2373,Marc Behm
2374,Marc Behm 
2375,Marc Caro
2376,Marc Lawrence
2377,Marc Levin
2378,Marc Meeks
2379,Marc Norman
2380,Marc Sedaka
2381,Marc Silverstein
2382,Marcel Beaulieu
2383,Marcel Moussy 
2384,Marcel Pagnol
2385,Marcia Brandwynne
2386,Marcos Bernstein
2387,Mardi Rustam
2388,Margaret Landon
2389,Margaret Linden
2390,Margaret Mitchell
2391,Margaret Rosenthal
2392,Margery Sharp
2393,Marguerite Roberts
2394,Maria Maggenti
2395,Marie Belloc Lowndes 
2396,Marie Brenner
2397,Marie Pérennou
2398,Marie Weiss 
2399,Marilyn Goldin
2400,Mario Puzo
2401,Mario Puzo 
2402,Mario Serandrei
2403,Marion Parsonnet
2404,Marjorie Schwartz Nielsen
2405,Mark A.Z. Dippé
2406,Mark Andrus 
2407,Mark Bishop
2408,Mark Brown 
2409,Mark Childress 
2410,Mark Christopher
2411,Mark Crowdy 
2412,Mark Dindal
2413,Mark Feldberg
2414,Mark Frost
2415,Mark Geldman 
2416,Mark H. Baker
2417,Mark Handley 
2418,Mark Haskell Smith
2419,Mark Herman
2420,Mark Illsley
2421,Mark Kruger
2422,Mark Lamprell
2423,Mark Lee
2424,Mark Levin 
2425,Mark Lowell
2426,Mark Magidson 
2427,Mark Malone
2428,Mark McCorkle
2429,Mark Medoff
2430,Mark Medoff 
2431,Mark Miller
2432,Mark Nutter
2433,Mark Patrick Carducci 
2434,Mark Pavia
2435,Mark Peploe
2436,Mark Polish
2437,Mark Protosevich
2438,Mark R. Burns
2439,Mark Rosenthal
2440,Mark Rosenthal 
2441,Mark Rosner
2442,Mark Rudnitsky
2443,Mark Saltzman
2444,Mark Schwahn
2445,Mark Steven Johnson
2446,Mark Steven Johnson 
2447,Mark Thomas McGee
2448,Mark Twain
2449,Mark Verheiden
2450,Mark Verheiden  
2451,Mark Victor
2452,Mark Young 
2453,Marleen Gorris
2454,Marlon Wayans
2455,Marsha Norman 
2456,Marshall Brickman
2457,Martha Cheavens
2458,Marti Leimbach
2459,Martin Bergman
2460,Martin Berkeley
2461,Martin Davidson
2462,Martin Donovan
2463,Martin Duberman
2464,Martin Kitrosser
2465,Martin Kitrosser 
2466,Martin Lawrence 
2467,Martin Meader
2468,Martin Pasko
2469,Martin Rosen
2470,Martin Scorsese
2471,Martin Sherman
2472,Martin Sherman 
2473,Marty Jezer
2474,Marty Kaplan
2475,Marvin H. Albert 
2476,Mary Chase 
2477,Mary Hale
2478,Mary Harron
2479,Mary Norton
2480,Mary Orr 
2481,Mary Rodgers 
2482,Mary Ruth Clarke 
2483,Mary Shelley
2484,Mary Sweeney
2485,Masanori Hata
2486,Masato Ide
2487,Masayuki Suô
2488,Masolino DAmico
2489,Master P
2490,Mateo Gil
2491,Mathieu Kassovitz
2492,Matt Damon
2493,Matt George
2494,Matt Greenberg
2495,Matt Greenberg 
2496,Matt Reeves
2497,Matt Stone
2498,Matthew Bright
2499,Matthew Chapman
2500,Matthew Jacobs
2501,Matthew L. Healy
2502,Matthew McDuffie
2503,Matthew Robbins 
2504,Matthew Stone
2505,Maureen Mylander
2506,Maurice Rapf
2507,Maurice Walsh
2508,Maurice Zimm
2509,Max Apple  
2510,Max D. Adams 
2511,Max Evans
2512,Max Färberböck
2513,Max Schott
2514,Maxwell Anderson
2515,Maxwell Anderson 
2516,Maxwell Shane
2517,May Quigley
2518,Meg Kasdan
2519,Mel Brooks
2520,Mel Dinelli
2521,Mel Friedman
2522,Mel Goldberg
2523,Melchior Lengyel
2524,Melissa Goddard
2525,Melissa Mathison
2526,Melvin Frank
2527,Menno Meyjes
2528,Merian C. Cooper
2529,Merian C. Cooper 
2530,Michael Allin
2531,Michael Almereyda
2532,Michael Auerbach
2533,Michael Austin
2534,Michael Backes
2535,Michael Barrie
2536,Michael Berry
2537,Michael Blake 
2538,Michael Bortman
2539,Michael Brady
2540,Michael Browning
2541,Michael Burton
2542,Michael Butler
2543,Michael Chabon
2544,Michael Cimino
2545,Michael Colleary
2546,Michael Corrente
2547,Michael Crichton
2548,Michael Crichton 
2549,Michael Cristofer
2550,Michael De Luca
2551,Michael Elias
2552,Michael Ende
2553,Michael Endler
2554,Michael Fallon
2555,Michael Ferris
2556,Michael France
2557,Michael France 
2558,Michael Frost Beckner
2559,Michael G. Wilson
2560,Michael Gaylin
2561,Michael Goldenberg
2562,Michael Grais
2563,Michael Grant Jaffe
2564,Michael Hastings
2565,Michael Henry Brown
2566,Michael Henry Brown 
2567,Michael Herr
2568,Michael Hertzberg
2569,Michael Hirst
2570,Michael Hitchcock
2571,Michael Hoffman
2572,Michael Holroyd
2573,Michael Imperioli
2574,Michael J. Nelson
2575,Michael Jacobs
2576,Michael Kalesniko
2577,Michael Korda
2578,Michael Kozoll
2579,Michael Krueger
2580,Michael Leeson
2581,Michael Leeson 
2582,Michael Mann
2583,Michael McCullers
2584,Michael McDowell
2585,Michael McDowell 
2586,Michael McGruther
2587,Michael McKean
2588,Michael McManus
2589,Michael Miner
2590,Michael Moore
2591,Michael Nankin
2592,Michael Nicholson
2593,Michael ODonoghue
2594,Michael Ondaatje
2595,Michael Palin
2596,Michael Palmer
2597,Michael Part
2598,Michael Piller 
2599,Michael Polish
2600,Michael Preminger
2601,Michael Radford
2602,Michael Ritchie
2603,Michael Rymer
2604,Michael S. Chernuchin
2605,Michael S. Murphey
2606,Michael Scheff
2607,Michael Schiffer
2608,Michael Schiffer 
2609,Michael Scott Myers
2610,Michael Seitzman
2611,Michael Shaara
2612,Michael Shoob
2613,Michael Stewart
2614,Michael Thomas
2615,Michael Tolkin
2616,Michael Tolkin 
2617,Michael Traeger
2618,Michael Turner
2619,Michael V. Gazzo
2620,Michael Varhol
2621,Michael Vickerman
2622,Michael Wilson
2623,Michael Wilson 
2624,Michael Winner
2625,Michel Marriott
2626,Michelangelo Antonioni 
2627,Mick Garris 
2628,Mickey Rose
2629,Miguel Tejada-Flores
2630,Mike Armstrong 
2631,Mike Cerrone
2632,Mike Cheda
2633,Mike Figgis
2634,Mike Hodges
2635,Mike Judge
2636,Mike Judge 
2637,Mike Leigh
2638,Mike Myers
2639,Mike Reiss
2640,Mike Richardson 
2641,Mike Scott
2642,Mike Werb
2643,Mike White
2644,Miklós László
2645,Milan Kundera
2646,Milcho Manchevski
2647,Mildred Cram
2648,Mildred Gordon
2649,Mildred Gordon 
2650,Miles Millar
2651,Milton Wexler
2652,Ming-liang Tsai
2653,Mira Nair
2654,Mira Robertson
2655,Mitch Glazer
2656,Mitch Markowitz
2657,Mitchell Kapner
2658,Mitchell Klebanoff
2659,Mitchell Kriegman 
2660,Mitchell Peck
2661,Mogens Rukov
2662,Molly Shannon
2663,Mona Simpson
2664,Monckton Hoffe
2665,Moni Ovadia
2666,Monica Mcgowan Johnson
2667,Monte Merrick
2668,Mordecai Richler
2669,Morgan J. Freeman
2670,Morgan Ward
2671,Morrie Ryskind
2672,Mort Abrahams
2673,Mort Nathan
2674,Mort Ransen
2675,Morton Grant
2676,Morton S. Fine
2677,Moshé Mizrahi 
2678,Moss Hart
2679,Myles Berkowitz
2680,Myles Connell
2681,Myles Connolly 
2682,Nadine Schiff
2683,Nagisa Ôshima
2684,Najeeb Mahfouz
2685,Nancy Dowd
2686,Nancy Meyers
2687,Nancy Savoca
2688,Naomi Foner
2689,Nat Hiken
2690,Nat Mauldin
2691,Natalie Marcin
2692,Nathaniel Hawthorne
2693,Neal Brennan
2694,Neal Israel
2695,Neal Israel 
2696,Neal Jimenez
2697,Neal Marshall
2698,Neal Marshall Stevens
2699,Neal Purvis
2700,Neal Purvis 
2701,Ned Welsh
2702,Nedrick Young 
2703,Neil Cuthbert
2704,Neil Gaiman
2705,Neil Jordan
2706,Neil LaBute
2707,Neil LaBute 
2708,Neil P. Varnick
2709,Neil Paterson
2710,Neil Simon
2711,Neil Simon 
2712,Neil Tolkin
2713,Neill Barry
2714,Nelson Algren
2715,Nelson DeMille
2716,Nelson Gidding
2717,Nevil Shute
2718,Newton Thornburg
2719,Ni Zhen
2720,Nicholas Conde
2721,Nicholas Kazan
2722,Nicholas Klein
2723,Nicholas Meyer
2724,Nicholas Meyer 
2725,Nicholas Pileggi
2726,Nicholas Pileggi 
2727,Nicholas Ray
2728,Nicholas Sparks
2729,Nicholas St. John
2730,Nick Castle
2731,Nick Dear 
2732,Nick Evans
2733,Nick Gold
2734,Nick Gomez 
2735,Nick Grinde
2736,Nick Hornby
2737,Nick Hornby 
2738,Nick Park
2739,Nick Villiers 
2740,Nicolas Roeg 
2741,Nigel Kneale
2742,Nigel Kneale 
2743,Nikita Mikhalkov  
2744,Nikolaj Frobenius
2745,Nikolay Gogol
2746,Nikos Kazantzakis
2747,Nina Agadzhanova
2748,Nina Wilcox Putnam
2749,Niven Busch
2750,Noah Baumbach
2751,Noel Langley 
2752,Noel S. Baker
2753,Nona Tyson
2754,Noni White
2755,Nora Ephron
2756,Nora Ephron 
2757,Noreen Stone 
2758,Norm Hiscock
2759,Norm MacDonald
2760,Norman Corwin
2761,Norman Houston
2762,Norman J. Grossfeld
2763,Norman Krasna
2764,Norman Maclean
2765,Norman Panama
2766,Norman Reilly Raine
2767,Norman Snider
2768,Norman Steinberg
2769,Norman Wexler
2770,Novalyne Price Ellis
2771,Noël Coward  
2772,Nunnally Johnson
2773,O. Henry 
2774,Ole Bornedal 
2775,Oliver H.P. Garrett
2776,Oliver H.P. Garrett 
2777,Oliver Parker
2778,Oliver Sacks
2779,Oliver Stone
2780,Olivia Goldsmith
2781,Olivier Schatzky
2782,Omar Khayyam 
2783,Oren Aviv
2784,Oreste Biancoli
2785,Orson Welles
2786,Orville H. Hampton
2787,Oscar Brodney
2788,Oscar Fraley
2789,Oscar Hammerstein II
2790,Oscar Saul
2791,Oscar Wilde
2792,Otto Binder 
2793,Otto Englander
2794,Otto Klement
2795,Owen Wilson
2796,P.F. Kluge
2797,P.J. Hogan
2798,P.J. ORourke
2799,P.J. Wolfson
2800,P.J. Wolfson 
2801,P.L. Travers
2802,PJ Torokvei
2803,Paddy Chayefsky
2804,Paddy Chayefsky 
2805,Pam Brady
2806,Pamela Gray
2807,Pamela Wallace
2808,Paris Qualles
2809,Parker Bennett
2810,Parviz Shahbazi
2811,Pascal Bonitzer
2812,Pascal Bruckner
2813,Pascal Cousin 
2814,Pat Barker
2815,Pat Bermel
2816,Pat Conroy
2817,Pat Conroy 
2818,Pat Hackett
2819,Pat McCabe 
2820,Pat Proft
2821,Pat Proft 
2822,Pat Verducci
2823,Patch Adams
2824,Patrice Chéreau
2825,Patricia Herskovic
2826,Patricia Highsmith
2827,Patricia Louisianna Knop
2828,Patricia Rozema
2829,Patrick Aubrée
2830,Patrick Braoudé
2831,Patrick Dennis
2832,Patrick Hamilton
2833,Patrick J. Clifton
2834,Patrick Kearney
2835,Patrick Read Johnson
2836,Patrick Sheane Duncan
2837,Patrick Smith Kelly
2838,Patrick Wilde 
2839,Paul Aaron
2840,Paul Attanasio
2841,Paul Auster
2842,Paul Auster 
2843,Paul Bowles
2844,Paul Brickhill
2845,Paul Brickman
2846,Paul De Meo 
2847,Paul Dehn
2848,Paul Dehn 
2849,Paul Dini
2850,Paul Gallico
2851,Paul Guay
2852,Paul Gégauff
2853,Paul Harris Boardman
2854,Paul Henning
2855,Paul Hogan
2856,Paul Hogan 
2857,Paul Laverty
2858,Paul Mason
2859,Paul Mayersberg
2860,Paul Michael Glaser
2861,Paul Mones
2862,Paul Morrissey
2863,Paul Osborn
2864,Paul Perez
2865,Paul Quinn
2866,Paul Reubens
2867,Paul Rudnick
2868,Paul Rudnick 
2869,Paul Schrader
2870,Paul Slansky 
2871,Paul Sylbert
2872,Paul Tamasy
2873,Paul Theroux
2874,Paul Thomas Anderson
2875,Paul W. Cooper
2876,Paul W.S. Anderson
2877,Paul Weitz
2878,Paul Williams
2879,Paul Zindel
2880,Paul Éluard 
2881,Paula Gosling
2882,Paula Milne
2883,Pavel Taussig
2884,Pedro Almodóvar
2885,Pedro Almodóvar 
2886,Peg Haller
2887,Peggy Thompson
2888,Peggy Webling
2889,Pen Densham
2890,Pen Densham 
2891,Penelope Spheeris 
2892,Perce Pearce 
2893,Percy Bysshe Shelley 
2894,Pericles Lewnes
2895,Pete Docter
2896,Pete Townshend
2897,Peter Abrahams
2898,Peter Asmussen
2899,Peter Atkins
2900,Peter Aykroyd
2901,Peter Bakalian
2902,Peter Barnes
2903,Peter Barnes 
2904,Peter Barsocchini 
2905,Peter Bellwood
2906,Peter Benchley
2907,Peter Benchley 
2908,Peter Berg
2909,Peter Bogdanovich
2910,Peter Brook
2911,Peter Burchard
2912,Peter Carey
2913,Peter Crabbe 
2914,Peter Dexter 
2915,Peter Duncan
2916,Peter Engelmann
2917,Peter Farrelly
2918,Peter Farrelly 
2919,Peter Filardi
2920,Peter Filardi 
2921,Peter Fonda
2922,Peter Gent 
2923,Peter George
2924,Peter George 
2925,Peter Greenaway
2926,Peter Handke
2927,Peter Hedges
2928,Peter Hedges 
2929,Peter Howitt
2930,Peter Hyams
2931,Peter Høeg
2932,Peter Jackson
2933,Peter Kassovitz
2934,Peter Krikes
2935,Peter Laird
2936,Peter Lord
2937,Peter M. Lenkov
2938,Peter M. Lenkov 
2939,Peter Maas
2940,Peter Rader
2941,Peter S. Beagle
2942,Peter S. Seaman
2943,Peter Savage
2944,Peter Shaffer 
2945,Peter Steinfeld
2946,Peter Stone
2947,Peter Stone 
2948,Peter Tolan
2949,Peter Tolan 
2950,Peter Ustinov
2951,Peter Viertel
2952,Peter Weir
2953,Peter Wortmann
2954,Peter Young
2955,Phil Alden Robinson
2956,Phil Alden Robinson 
2957,Phil Beauman
2958,Phil Dusenberry
2959,Phil Hartman
2960,Phil Joanou
2961,Phil Reeves
2962,Philip Barry
2963,Philip Dunne
2964,Philip Eisner
2965,Philip G. Epstein
2966,Philip Haas
2967,Philip K. Dick
2968,Philip K. Dick 
2969,Philip Kaufman
2970,Philip LaZebnik
2971,Philip MacDonald
2972,Philip Morton
2973,Philip Rapp
2974,Philip Yordan
2975,Philippe Caland
2976,Phillip Borsos
2977,Phoef Sutton
2978,Pi-ying Yang
2979,Piero De Bernardi
2980,Pierre Boileau
2981,Pierre Boulle
2982,Pierre Jolivet
2983,Pierre Uytterhoeven
2984,Piers Paul Read
2985,Piers du Pré
2986,Pik-Wah Lee 
2987,Polly Platt
2988,Preston A. Whitmore II
2989,Preston Sturges
2990,Preston Sturges 
2991,Péter Dobai
2992,Quentin Tarantino
2993,R. Lee Fleming Jr.
2994,R. Wright Campbell
2995,R.A. Dick
2996,R.C. Sherriff
2997,R.J. Stewart
2998,Rachel Talalay
2999,Radu Mihaileanu
3000,Rafael Azcona
3001,Rafael Moreu
3002,Rafael Yglesias
3003,Rafael Yglesias 
3004,Ralph Wright
3005,Rama Laurie Stagner 
3006,Ramón Menéndez
3007,Ranald MacDougall
3008,Ranald MacDougall 
3009,Rand Ravich
3010,Randal Kleiser
3011,Randall Jahnson
3012,Randall McCormick
3013,Randall McCormick 
3014,Randall Wallace
3015,Randi Mayem Singer
3016,Randy Feldman
3017,Randy Kornfield
3018,Randy Newman
3019,Randy Shilts
3020,Randy Sue Coburn
3021,Ranjit Kapoor
3022,Raoul Lévy
3023,Ravel Centeno-Rodriguez
3024,Ravi Deshpande
3025,Ray Bradbury
3026,Ray Bradbury 
3027,Ray Cory Daniels
3028,Ray Harryhausen
3029,Ray Harryhausen 
3030,Ray Loriga 
3031,Raymond Cannon
3032,Raymond Carver
3033,Raymond Chandler
3034,Raymond Cistheri
3035,Raymond De Felitta
3036,Raymond Queneau 
3037,Raymond W. Thorp
3038,Raynold Gideon
3039,Rebecca Miller
3040,Reggie Rock Bythewood
3041,Reginald Hudlin
3042,Reginald Rose 
3043,Reidar Jönsson 
3044,Reinhold Schünzel
3045,René Clément
3046,René Gainville
3047,René Laloux
3048,Reuben Bercovitch
3049,Rex Carlton
3050,Rhet Topham 
3051,Ric Gibbs
3052,Rich Eustis
3053,Rich Wilkes
3054,Richard Adams
3055,Richard Beattie
3056,Richard Bissell  
3057,Richard Brooks
3058,Richard Chapman 
3059,Richard Collins
3060,Richard Condon
3061,Richard Condon 
3062,Richard Conlin
3063,Richard Connell
3064,Richard Curtis
3065,Richard Ellmann
3066,Richard Epcar
3067,Richard Eyre
3068,Richard Fire
3069,Richard Friedenberg
3070,Richard Guay
3071,Richard H. Landau
3072,Richard Hatem
3073,Richard Herley
3074,Richard Holmes
3075,Richard Jefferies
3076,Richard Kwietniowski
3077,Richard L. Breen
3078,Richard LaGravenese
3079,Richard LaGravenese 
3080,Richard Lederer
3081,Richard Levinson 
3082,Richard Linklater
3083,Richard Llewellyn
3084,Richard Loncraine
3085,Richard M. Sherman
3086,Richard Maibaum
3087,Richard Martin Stern
3088,Richard Matheson
3089,Richard Matheson 
3090,Richard N. Goodwin
3091,Richard OBrien 
3092,Richard Outten
3093,Richard P. Henrick
3094,Richard Price
3095,Richard Price 
3096,Richard Reitinger
3097,Richard Rich
3098,Richard Robinson
3099,Richard Rodgers
3100,Richard Rothstein
3101,Richard Rush
3102,Richard Russo
3103,Richard Rutowski
3104,Richard Schayer
3105,Richard Schenkman
3106,Richard Siegel
3107,Richard Stanley
3108,Richard Vetere 
3109,Richard W. Haines 
3110,Richard Woodley
3111,Rick Berman
3112,Rick Castro
3113,Rick Copp
3114,Rick Dahl
3115,Rick Famuyiwa 
3116,Rick Friedberg
3117,Rick Fry
3118,Rick Jaffa
3119,Rick Moody
3120,Rick Moranis
3121,Rick Parks
3122,Rick Podell
3123,Rick Ramage
3124,Rick Seaman
3125,Rick Siggelkow
3126,Ricou Browning
3127,Rika Takahashi 
3128,Rikki Beadle Blair
3129,Rita Hsiao
3130,Rita M. Fink
3131,Rita Mae Brown
3132,Rita Rudner
3133,Riwia Brown
3134,Roald Dahl
3135,Roald Dahl 
3136,Rob Epstein
3137,Rob Hedden
3138,Rob Kerchner
3139,Rob Schneider
3140,Rob Thomas
3141,Robb White
3142,Robbie Fox
3143,Robert A. Heinlein
3144,Robert Alan Aurthur
3145,Robert Altman
3146,Robert B. Sherman
3147,Robert B. Weide
3148,Robert Bentley
3149,Robert Benton
3150,Robert Bloch
3151,Robert Bolt
3152,Robert Bolt 
3153,Robert Buckner
3154,Robert Bunker
3155,Robert C. Jones
3156,Robert C. O\Brien
3157,Robert C. Thompson
3158,Robert Carson 
3159,Robert Caswell
3160,Robert Conte
3161,Robert Coover
3162,Robert D. San Souci
3163,Robert Daley
3164,Robert Dillon
3165,Robert Dillon 
3166,Robert Duvall
3167,Robert E. Howard
3168,Robert E. Sherwood
3169,Robert E. Thompson
3170,Robert Engels
3171,Robert Farrar 
3172,Robert Garland
3173,Robert Getchell
3174,Robert Gittler
3175,Robert Gordon
3176,Robert Grasmere
3177,Robert Guza Jr.
3178,Robert Harling
3179,Robert Harling 
3180,Robert Hichens
3181,Robert Hiltzik
3182,Robert James Waller
3183,Robert King
3184,Robert Klane
3185,Robert Kuhn
3186,Robert Kurtzman
3187,Robert L. Joseph
3188,Robert L. Levy
3189,Robert Lees
3190,Robert Lence
3191,Robert Lepage
3192,Robert Lindsey
3193,Robert LoCash
3194,Robert Louis Stevenson
3195,Robert M. Fresco 
3196,Robert Malcolm Young
3197,Robert Marasco
3198,Robert Mark Kamen
3199,Robert Mason
3200,Robert Mundi
3201,Robert Nathan
3202,Robert Nelson Jacobs
3203,Robert Nelson Jacobs 
3204,Robert Penn Warren
3205,Robert Presnell Sr.
3206,Robert Pucci
3207,Robert Ramsey
3208,Robert Reneau
3209,Robert Reneau 
3210,Robert Riskin
3211,Robert Rodat
3212,Robert Rodriguez
3213,Robert Rossen
3214,Robert Roy Pool
3215,Robert Sarno
3216,Robert Sheckley
3217,Robert Silverberg
3218,Robert Siodmak
3219,Robert T. Megginson
3220,Robert Thoeren
3221,Robert Towne
3222,Robert Towne 
3223,Robert Wade
3224,Robert Wade 
3225,Robert Wilder
3226,Robert Wolterstorff
3227,Robert Zappia 
3228,Robert Zemeckis
3229,Robert Zemeckis 
3230,Roberto Benigni 
3231,Robin Chapman
3232,Robin Cook
3233,Robin Driscoll
3234,Robin Moore
3235,Robin Schiff 
3236,Robin Swicord
3237,Rocco Simonelli
3238,Rockne S. OBannon
3239,Rod Amateau
3240,Rod Lurie
3241,Rod Serling
3242,Roddy Doyle 
3243,Roderick Thorp
3244,Rodman Philbrick
3245,Rodney Dangerfield
3246,Rodney Patrick Vaccaro 
3247,Roger Angell
3248,Roger Avary
3249,Roger Corman
3250,Roger Kumble
3251,Roger Rueff 
3252,Roger Soffer
3253,Roger Swaybill
3254,Roger Towne
3255,Roger Vadim
3256,Roger Vadim 
3257,Roger Waters 
3258,Roland Emmerich
3259,Roland Emmerich 
3260,Roland Kibbee
3261,Roland Topor
3262,Romain Gary
3263,Roman Polanski
3264,Ron Clements
3265,Ron Clements 
3266,Ron Fricke  
3267,Ron Howard
3268,Ron Hutchinson
3269,Ron Koslow 
3270,Ron Kurz
3271,Ron Milbauer
3272,Ron Nyswaner
3273,Ron Oliver
3274,Ron Osborn
3275,Ron Peer 
3276,Ron Shelton
3277,Ron Yanover
3278,Rona Munro
3279,Ronald Bass
3280,Ronald Bass 
3281,Ronald D. Moore
3282,Ronald D. Moore 
3283,Ronald Harwood
3284,Ronald Kinnoch
3285,Ronald Shusett
3286,Ronald Shusett 
3287,Ronan OLeary
3288,Ronni Kern
3289,Ronny Graham
3290,Rosalie K. Fry
3291,Rose Tremain
3292,Rose Troche
3293,Rosellen Brown
3294,Rosemary Ritvo
3295,Rospo Pallenberg
3296,Rospo Pallenberg 
3297,Ross Klavan
3298,Ross LaManna 
3299,Ross Thomas
3300,Roswell Rogers
3301,Rowan Atkinson
3302,Rowdy Herrington
3303,Rowland Leigh 
3304,Roy Blount Jr.
3305,Roy Chanslor
3306,Roy Frumkes
3307,Roy Huggins
3308,Roy N. Sickner
3309,Rubin \Hurricane\ Carter
3310,Rudolph Grey
3311,Rudy De Luca 
3312,Rudy Dochtermann
3313,Rudy Wurlitzer
3314,Rudyard Kipling
3315,Ruggero Maccari 
3316,Rupert Walters
3317,Russ Meyer
3318,Russel Crouse
3319,Russell Banks
3320,Russell S. Hughes
3321,Rustam Ibragimbekov 
3322,Rusty Cundieff
3323,Rusty Cundieff 
3324,Ruth Prawer Jhabvala
3325,Ruth Rose
3326,Ryne Douglas Pearson
3327,Ryûzô Kikushima
3328,Rémy Belvaux 
3329,S.E. Hinton
3330,S.J. Perelman
3331,S.L.A. Marshall
3332,S.S. Field
3333,S.S. Wilson
3334,Sabi H. Shabtai
3335,Sacha Gervasi
3336,Sadayuki Murai
3337,Sally Benson
3338,Sally Potter
3339,Sally Robinson
3340,Sam Chaiton
3341,Sam Hamm
3342,Sam Hamm 
3343,Sam Montgomery
3344,Sam Peckinpah
3345,Sam Raimi
3346,Sam Shepard
3347,Samantha Adams 
3348,Samson Raphaelson
3349,Samuel A. Taylor
3350,Samuel A. Taylor 
3351,Samuel Hoffenstein
3352,Samuel Hopkins Adams
3353,Samuel W. Taylor
3354,Sandor Stern
3355,Sandra Goldbacher
3356,Sandy Kroopf
3357,Sanford Sheldon
3358,Santo Cilauro
3359,Santosh Sivan 
3360,Sara Bernstein 
3361,Sara Parriott
3362,Sarah Kernochan
3363,Satoshi Tajiri
3364,Satyajit Ray
3365,Saul Turteltaub
3366,Savage Steve Holland
3367,Sax Rohmer
3368,Scot Armstrong
3369,Scott Alexander
3370,Scott B. Smith 
3371,Scott Darling
3372,Scott Derrickson
3373,Scott Frank
3374,Scott Hicks
3375,Scott McGehee
3376,Scott McPherson 
3377,Scott Myers
3378,Scott Reynolds
3379,Scott Rosenberg
3380,Scott Sandin
3381,Scott Silver
3382,Scott Spencer
3383,Scott Spiegel
3384,Scott Yagemann
3385,Sean Gullette 
3386,Sean McNamara
3387,Sean OByrne
3388,Sean Penn
3389,Sean S. Cunningham 
3390,Sebastian Junger
3391,See-Yuen Ng
3392,Sei Shonagon
3393,Selwyn Jepson
3394,Selwyn Roberts
3395,Senel Paz 
3396,Serge Frydman 
3397,Sergei M. Eisenstein 
3398,Sergio Donati
3399,Sergio Leone 
3400,Seth Margolis
3401,Seton I. Miller
3402,Shana Larsen
3403,Shane Black
3404,Shane Black 
3405,Shane Connaughton
3406,Shane Connaughton 
3407,Shane Salerno 
3408,Shawn Schepps 
3409,Shawn Wayans
3410,Sheila Burnford
3411,Sheila Gaffney
3412,Shel Silverstein
3413,Sheldon Currie
3414,Sheldon Lettich
3415,Sheldon Lettich 
3416,Shell Danielson
3417,Sherman Alexie 
3418,Sherri Stoner
3419,Sherry Mills
3420,Sherwood Schwartz
3421,Sheryl Leach 
3422,Sheryl Longin
3423,Shichirô Fukazawa
3424,Shigeru Kayama
3425,Shinichi Sekizawa
3426,Shinobu Hashimoto
3427,Shinya Tsukamoto
3428,Shirley Jackson
3429,Shirow Masamune
3430,Shuki Levy
3431,Sidney Buchman
3432,Sidney Buchman 
3433,Sidney Carroll
3434,Sidney Gilliat
3435,Sidney Gilliat 
3436,Sidney Howard
3437,Sidney J. Furie
3438,Sidney Lumet
3439,Silvio Horta
3440,Simon Barry
3441,Simon Beaufoy
3442,Simon Michaël
3443,Simon Moore
3444,Simon Raven
3445,Sjón
3446,Sofia Coppola
3447,Solveig Dommartin
3448,Sonia Chernus
3449,Spice Girls
3450,Spike Lee
3451,Stan Winston
3452,Stanislaw Lem
3453,Stanley Kubrick
3454,Stanley Mann
3455,Stanley R. Greenberg
3456,Stanley Tong
3457,Stanley Tucci
3458,Stefan Ruzowitzky
3459,Stefan Schwartz
3460,Stefan Wul
3461,Stella Gibbons
3462,Steph Lady
3463,Stephan Elliott
3464,Stephen Berger
3465,Stephen Carpenter
3466,Stephen Chin
3467,Stephen Curwick
3468,Stephen Gaghan
3469,Stephen Gyllenhaal 
3470,Stephen Hauser
3471,Stephen J. Rivele
3472,Stephen Judson
3473,Stephen Kay
3474,Stephen King
3475,Stephen King 
3476,Stephen King  
3477,Stephen Koepp
3478,Stephen Levy
3479,Stephen Mazur
3480,Stephen McCauley
3481,Stephen McPherson 
3482,Stephen Metcalfe
3483,Stephen Peters
3484,Stephen Schiff
3485,Stephen Sinclair 
3486,Stephen Sommers
3487,Stephen Sommers 
3488,Stephen Verona
3489,Stephen Volk
3490,Stephen Ward
3491,Stephen White
3492,Steve Antin
3493,Steve Barron
3494,Steve Bing
3495,Steve Bloom
3496,Steve Buscemi
3497,Steve Feke
3498,Steve Franks 
3499,Steve Gerber
3500,Steve Gordon
3501,Steve Haberman 
3502,Steve Harvey
3503,Steve Hulett
3504,Steve James
3505,Steve Kloves
3506,Steve Koren
3507,Steve Levitt
3508,Steve LuKanic
3509,Steve Martin
3510,Steve Martin 
3511,Steve Meerson
3512,Steve Oedekerk
3513,Steve Pink
3514,Steve Rudnick
3515,Steve Shagan
3516,Steve Tesich
3517,Steve Zacharias
3518,Steven Alldredge
3519,Steven Baigelman
3520,Steven Brill
3521,Steven Brill 
3522,Steven E. Carr
3523,Steven E. de Souza
3524,Steven Haft
3525,Steven Klein
3526,Steven Lisberger 
3527,Steven Martini 
3528,Steven Nalevansky
3529,Steven Paul
3530,Steven Pressfield 
3531,Steven Rogers
3532,Steven Soderbergh
3533,Steven Spielberg
3534,Steven Spielberg 
3535,Steven Zaillian
3536,Stewart Stern
3537,Stirling Silliphant
3538,Stuart Blumberg
3539,Stuart Gillard
3540,Stuart Gordon
3541,Sue Miller
3542,Sui Lai Kang
3543,Susan Gauthier
3544,Susan McMartin
3545,Susan Minot
3546,Susan Shilliday
3547,Susan Skoog
3548,Susan Streitfeld
3549,Susan Tarr
3550,Susanna Kaysen
3551,Susannah Grant
3552,Suso Cecchi DAmico
3553,Suzan-Lori Parks
3554,Suzanne OMalley
3555,Sy Bartlett
3556,Sydney A. Glass
3557,Sydney Boehm
3558,Sydney Newman
3559,Sylvester Stallone
3560,Sylvie Bouchard
3561,Sérgio Sant\Anna
3562,T. Coraghessan Boyle
3563,T.E. Lawrence
3564,T.H. White
3565,Tab Murphy
3566,Tab Murphy 
3567,Takao Okawara
3568,Takashi Bufford
3569,Takashi Bufford 
3570,Takeo Murata
3571,Takeshi Shudo
3572,Talbot Jennings
3573,Talking Heads
3574,Tamar Simon Hoffs
3575,Tamara Jenkins
3576,Tang Han Mok
3577,Ted Berman
3578,Ted Elliott
3579,Ted Elliott 
3580,Ted Griffin
3581,Ted Hughes
3582,Ted Key
3583,Ted Kotcheff
3584,Ted Lewis
3585,Ted Sears
3586,Ted Sherdeman
3587,Ted Tally
3588,Teddy Chan
3589,Tedi Sarafian
3590,Telsche Boorman
3591,Tennessee Williams
3592,Tennessee Williams 
3593,Terence H. Winkless
3594,Terence Marsh
3595,Terence Mulcahy
3596,Terence Rattigan
3597,Teresa Tucker-Davies
3598,Terrel Seltzer
3599,Terrence Malick
3600,Terri Hughes Burton
3601,Terry George
3602,Terry Gilliam
3603,Terry Hayes
3604,Terry Hayes 
3605,Terry Jones
3606,Terry McMillan 
3607,Terry Rossio
3608,Terry Rossio 
3609,Terry Runte
3610,Terry Southern
3611,Terry Swinton
3612,Terry Turner
3613,Tess Slesinger
3614,The Who
3615,Thea von Harbou
3616,Thea von Harbou 
3617,Theodore Dreiser
3618,Theodore Simonson
3619,Theodore St. John 
3620,Theresa Connelly
3621,Theresa Rebeck
3622,Thierry Lhermitte
3623,Thom Eberhardt
3624,Thom Enriquez
3625,Thomas Berger
3626,Thomas De Quincey 
3627,Thomas Hardy
3628,Thomas Harris
3629,Thomas Hedley Jr. 
3630,Thomas Heggen 
3631,Thomas Keneally
3632,Thomas Malory
3633,Thomas Meehan
3634,Thomas Moore
3635,Thomas N. Scortia
3636,Thomas Narcejac
3637,Thomas R. Wolfe
3638,Thomas Rickman
3639,Thomas Vinterberg 
3640,Thomas W. Blackburn
3641,Thornton Wilder
3642,Thornton Wilder 
3643,Tim Burns
3644,Tim Burton
3645,Tim Cahill
3646,Tim Disney
3647,Tim Herlihy
3648,Tim Kazurinsky
3649,Tim Kelleher
3650,Tim McCanlies
3651,Tim Metcalfe
3652,Tim Metcalfe 
3653,Tim Rice
3654,Tim Robbins
3655,Tim Sullivan
3656,Timothy Harris
3657,Timothy Linh Bui
3658,Tina Andrews
3659,Tiziano Sclavi
3660,Tobe Hooper
3661,Toby Emmerich
3662,Tod Williams
3663,Todd Alcott
3664,Todd Boyd
3665,Todd Graff
3666,Todd Haynes
3667,Todd Henschell
3668,Todd McFarlane
3669,Todd Phillips
3670,Todd Robinson
3671,Todd Solondz
3672,Todd Stephens
3673,Todd Strasser
3674,Todd W. Langen
3675,Tom Benedek
3676,Tom Clancy
3677,Tom Cruise
3678,Tom Davis
3679,Tom DeSanto
3680,Tom DiCillo
3681,Tom Epperson
3682,Tom Gleisner
3683,Tom Hanks
3684,Tom Holland
3685,Tom Jankiewicz 
3686,Tom Lazarus 
3687,Tom Mankiewicz
3688,Tom Matthews 
3689,Tom McLoughlin
3690,Tom Musca
3691,Tom Noonan 
3692,Tom Nursall
3693,Tom Patchett
3694,Tom Patchett 
3695,Tom Perrotta
3696,Tom Robbins
3697,Tom Ropelewski
3698,Tom S. Parker
3699,Tom S. Parker 
3700,Tom Schulman
3701,Tom Schulman 
3702,Tom Shadyac
3703,Tom Sherohman
3704,Tom Stern
3705,Tom Stoppard
3706,Tom Tykwer
3707,Tom Walmsley
3708,Tom Wolfe
3709,Tommy Chong
3710,Tommy Lee Jones 
3711,Tommy Lee Wallace
3712,Tommy OHaver
3713,Tommy Swerdlow
3714,Tomás Gutiérrez Alea
3715,Tong Su
3716,Toni Morrison
3717,Tonino Guerra
3718,Tony Bui
3719,Tony Geiss
3720,Tony Geiss 
3721,Tony Giglio
3722,Tony Gilroy
3723,Tony Griffin
3724,Tony Grisoni
3725,Tony Guma
3726,Tony Hendra
3727,Tony Hiles
3728,Tony Kenrick
3729,Tony Marchant
3730,Tony Puryear 
3731,Tony Randel
3732,Tony Spiridakis
3733,Tony Spiridakis 
3734,Tori Tellem
3735,Trace Beaulieu
3736,Tracy Fraim
3737,Trevor Bentham
3738,Trevor Griffiths
3739,Trevor Nunn
3740,Trey Callaway
3741,Trey Ellis
3742,Trey Parker
3743,Troy Byer
3744,Troy Duffy
3745,Troy Kennedy-Martin
3746,Truman Capote
3747,Tullio Pinelli
3748,Tung Cho Joe Cheung
3749,Tyger Williams 
3750,Ub Iwerks
3751,Ulrich Zieger 
3752,Umberto Eco
3753,Upton Sinclair
3754,Ursula Curtiss
3755,Uwe Wilhelm
3756,Val Guest
3757,Val Lewton
3758,Valentine Davies
3759,Valerie Breiman
3760,Valerie Curtin
3761,Valerie Martin
3762,Vance Gerry
3763,Vanna Paoli
3764,Vardis Fisher
3765,Vera Caspary
3766,Vera Chapman
3767,Vernon Harris
3768,Vernon Lynch
3769,Vicente Leñero
3770,Vicki Baum
3771,Vicki Polon
3772,Victor Canning
3773,Victor Colicchio
3774,Victor Hugo
3775,Victor Miller
3776,Victor Miller 
3777,Victor Nunez
3778,Victor Salva
3779,Victoria Foyt
3780,Vijay Deveshwar
3781,Vince Gilligan
3782,Vince McKewin
3783,Vincent Gallo 
3784,Vincent Patrick
3785,Vincent Patrick 
3786,Vincent Ward
3787,Vincent Ward 
3788,Vincenzo Cerami 
3789,Vincenzo Natali
3790,Virginia Kellogg
3791,Virginia Woolf
3792,Vito Russo
3793,Vladimir Arsenev
3794,Vladimir Nabokov
3795,Vladimir Nabokov 
3796,Volker Schlöndorff
3797,Vondie Curtis-Hall
3798,Víctor Andrés Catena 
3799,W. Peter Iliff
3800,W. Somerset Maugham
3801,W.D. Richter
3802,W.H. Canaway
3803,W.P. Kinsella
3804,W.R. Burnett
3805,Wajida Tabassum
3806,Waldo Salt
3807,Waldo Salt 
3808,Wally Wood
3809,Walon Green
3810,Walon Green 
3811,Walt Disney
3812,Walter B. Gibson
3813,Walter Donohue
3814,Walter F. Parkes
3815,Walter Ferris
3816,Walter Hill
3817,Walter Kelley
3818,Walter Lord
3819,Walter Mosley
3820,Walter Murch
3821,Walter Newman
3822,Walter Reisch
3823,Walter Salles
3824,Walter Tevis
3825,Walter Wager
3826,Ward Greene
3827,Warren Adler
3828,Warren Beatty
3829,Warren Beatty 
3830,Warren Casey
3831,Warren Lewis
3832,Warren Murphy
3833,Warren Skaaren
3834,Washington Irving
3835,Wataru Mimura
3836,Wayne Allan Rice
3837,Wayne Beach
3838,Wayne Beach 
3839,Wayne Powers
3840,Wayne Smith
3841,Wayne Wang
3842,Webb Smith
3843,Wei Lu
3844,Wei Zhu
3845,Wendell Mayes
3846,Wendy Wasserstein
3847,Werner Herzog
3848,Wes Anderson
3849,Wes Craven
3850,Wes Craven  
3851,Wesley Strick
3852,Whit Masterson
3853,Whit Stillman
3854,Whitfield Cook
3855,Whitley Strieber
3856,Whitley Strieber 
3857,Whitney Otto
3858,Wilbert Awdry
3859,Wilhelm Grimm
3860,Will Ferrell
3861,Will McRobb
3862,Willard Carroll
3863,Willard Huyck
3864,William Absalom Drake 
3865,William Anthony McGuire
3866,William Archibald
3867,William Asher
3868,William Brookfield
3869,William Broyles Jr.
3870,William Cottrell
3871,William D. Wittliff
3872,William D. Wittliff 
3873,William Davies
3874,William Dear
3875,William Diehl
3876,William Douglas-Home 
3877,William F. Nolan
3878,William Faulkner
3879,William Faulkner 
3880,William Friedkin
3881,William Gibson 
3882,William Golding
3883,William Goldman
3884,William Goldman 
3885,William Goodhart
3886,William Gray
3887,William Hanna
3888,William Hjortsberg
3889,William Hoffer
3890,William Hurlbut 
3891,William Inge
3892,William Kelley 
3893,William Kotzwinkle
3894,William Link 
3895,William M. Gaines
3896,William M. Gaines 
3897,William Makepeace Thackeray
3898,William Malone
3899,William March
3900,William Mastrosimone
3901,William Mastrosimone 
3902,William N. Panzer
3903,William Nicholson
3904,William Nicholson 
3905,William Norris
3906,William Osborne
3907,William P. McGivern
3908,William Peter Blatty 
3909,William Reilly
3910,William Roberts
3911,William Rose
3912,William Sackheim
3913,William Schifrin
3914,William Shakespeare
3915,William Shakespeare 
3916,William Shatner
3917,William Styron
3918,William Trevor
3919,William Tunberg
3920,William Wharton
3921,William Wisher
3922,Willie Morris
3923,Willis Hall 
3924,Wim Wenders
3925,Wim Wenders 
3926,Winston Graham
3927,Winston Groom
3928,Winston Hibler
3929,Wolf Rilla
3930,Wolfgang Petersen
3931,Woody Allen
3932,Woody Gelman
3933,Woody Guthrie
3934,Wyllis Cooper
3935,Xiangsheng Shi
3936,Yan Mo
3937,Yevgeni Petrov
3938,Yi-chun Tsai
3939,Yoshikazu Takeuchi
3940,Yuriy Nagibin
3941,Zak Penn
3942,Zalman King
3943,Zalman King 
3944,Zdenek Mahler
3945,Zdenek Sverák
3946,Zeph E. Daniel
3947,Ziggy Steinberg
3948,Zoe Akins 
3949,Zora Neale Hurston
3950,Zoë Lund
3951,Álex de la Iglesia
3952,Æneas MacKenzie
3953,Édouard Molinaro
3954,Émile Gaudreault
3955,Émile Zola
3956,Éric Rohmer
3957,Chris Fedak
3958,Hussain Dalal
3959,Abbas Dalal
3960,Andrew Stevens
3961,Gilles de Maistre
3962,Eric Warren Singer
3963,Dana Fox
3964,Pat Casey 
3965,Sai Madhav Burra
3966,Colin Trevorrow 
3967,Ivan Atkinson
3968,Ligiah Villalobos
3969,Josh Miller 
3970,Jeremiah Kipp
3971,Marn Davies
3972,Vijayendra Prasad
3973,Roseanne Liang
3974,Emily Carmichael
3975,Sam Walker
3976,Tushar Hiranandani 
3977,Oren Uziel
3978,Tony Stone
3979,John Whittington
3980,John Rosenthal
3981,Tasha Bhambra 
3982,Etan Cohen
3983,Eskil Vogt
3984,Kate Dolan
3985,Domee Shi
3986,Chris Sparling
3987,Prune de Maistre 
3988,Madhan Karky
3989,Julia Cho
3990,Aaron Blabey
3991,Trivikram Srinivas 
3992,Dawn Bursteen
3993,Jason Gruich
3994,Matt Sazama 
3995,Lars Andreas Pedersen
3996,Sachy
3997,Adam Nee
3998,Brian Skiba
3999,Robert Eggers
4000,Meghan Leon
4001,Hilary Winston
4002,Sarah Streicher
4003,J.P. Davis
4004,Laurits Munch-Petersen
4005,Joachim Trier
4006,Casey DeVargas
4007,Roy Thomas
4008,Derek Connolly
4009,Brandon Burrows
4010,Jared Stern
4011,Alan Resnick
4012,Sparsh Khetarpal 
4013,J.K. Rowling 
4014,Max Landis
4015,Burk Sharpless 
4016,Gaddy Davis
4017,R.J. Murugan
4018,Mostafa Hamdy
4019,Mark Williams
4020,Bill Finger
4021,Michael Green
4022,Matt Holloway
4023,James Vanderbilt
4024,Amal Neerad
4025,Nagraj Manjule  
4026,Guy Busick
4027,Youssef Emad
4028,Nick May
4029,Ravishankar P.T.
4030,Domee Shi 
4031,Peter Craig
4032,Art Marcum
4033,Brandon Reavis
4034,Rafe Judkins 
4035,Ahmed Mohamed Salem
4036,Agatha Christie
4037,Julia Cho 
4038,Le-Van Kiet
4039,Harper Dill
4040,Tami Sagher
4041,John Rogers
4042,Yoni Brenner
4043,Ray Giarratana
4044,Kate DiCamillo
4045,Pandiraj  
4046,Abhilash Pillai
4048,Pat Casey
4049,Josh Miller
4047,Robert Taylor
4050,Sean Wathen
4051,Sharis Mohammed
4052,J.K. Rowling
4053,Jennica Harper
4054,Burk Sharpless
4055,Aamil Keeyan Khan
4056,Sajid Nadiadwala
4057,Prashanth Neel
4058,Sandeep Kewlani
4059,Koratala Siva
4060,Matt Sazama
4061,S.N. Swamy
4062,Lisa Hunter
4063,Jef Geeraerts
4064,Emerson Moore
4065,Joshua Dobkin
4066,Rafe Judkins
4067,Dario Scardapane
4068,Laurent Zeitoun
4069,Rajat Arora
4070,Carl Joos
4071,Takahiro Okura
4072,Byron Kavanagh
4073,Julian Fellowes
4074,Vonda N. McIntyre
4075,Barry Berman
4076,John Collee
4077,Jinder Ho
4078,Kevin Etten
4079,Farhad Samji
4080,Nanami Kamon
4081,Ben Jagger
4082,Nick Saltrese
4083,Brendan Muldowney
4084,Cibi Chakravarthi
4085,Scott Teems
4086,John Poliquin
4087,Aakash Kaushik
4088,Tom Gormican
4089,Aleksi Hyvärinen
4090,Taneli Mustonen
4091,Oh Yoon-Dong
4092,    Emerson Moore
4093,    Jenny Alten
4094,Michelle Ashford
4095,Karim Farouk
4096,Charise Castro Smith
4097,Jared Bush
4098,Byron Howard
4099,    Nick May
4100,Manuel Calvo
4101,Javier Fesser
4102,David Marqués
4103,    Kate DiCamillo
4104,    Chris Sparling
4105,    John Abraham
4106,    Howard J. Ford
4107,    Garth Jennings
4108,Rodrigo Perez-Castro
4109,    Kate Dolan
4110,Tom Boyle
4111,    David Koepp
4112,    Edward Drake
4113,    Corey Large
4114,    Chris McKenna
4115,Erik Sommers
4116,    H. Vinoth
4117,    Jay Baruchel
4118,Jesse Chabot
4119,Justin Gray 
4120,Jared Cohn
4121,    Michael Ryan
4122,Volodymyr Zelenskyy
4123,Amith Mohan Rajeshwari
4124,Suresh Kumar Raveendran
4125,    J.K. Rowling
4126,    Arun D. Jose
4127,Raveesh Nath
4128,Claude de Ribeaupierre
4129,André Jobin
4130,Xavier Giacometti
4131,Dean Murphy
4132,    Robert Mond
4133,    Anil Ravipudi
4134,    Anubhav Sinha
4135,    Rab Berry
4136,Scott Mallace
4137,    Alex Garland
4138,    Charles Dorfman
4139,    Marc Frydman
4140,C. Robert Cargill
4141,Joe Hill
4142,    Chandra Prakash Dwivedi
4143,    Melanie Toast
4144,    Daniel Adams
4145,William Barber
4146,Sam Bromell
4147,    Brian Lynch
4148,    Jared Stern
4149,    Paul Fisher
4150,Angus MacLane
